id,question,reference_answer,skill,topic,subtopic,difficulty,category,role,keywords,evaluation_points,estimated_time_seconds
1,Tell me about yourself and your background in software development.,I am a software developer with experience in [X] years. I have worked on [key projects] using [key technologies]. I am passionate about [areas of interest] and have contributed to [notable achievements].,Communication,Behavioral,Self Introduction,Easy,Behavioral,Software Engineer|Frontend Developer|Backend Developer|Full Stack Developer|Data Scientist|ML Engineer|DevOps Engineer|iOS Developer|Android Developer|QA Engineer|Product Manager|Data Engineer|Database Administrator|Cloud Engineer|Security Engineer,communication|background|experience|projects|skills|achievements,Clear self-introduction|Relevant technical background|Notable achievements mentioned|Coherent narrative structure,60
2,Why do you want to work in this role?,I am attracted to this role because it aligns with my skills in [area] and my career goal of [goal]. I have researched the company and admire [specific aspect]. I believe I can contribute by [specific contributions].,Communication,Behavioral,Motivation,Easy,Behavioral,Software Engineer|Frontend Developer|Backend Developer|Full Stack Developer|Data Scientist|ML Engineer|DevOps Engineer|iOS Developer|Android Developer|QA Engineer|Product Manager,motivation|career goals|company research|contribution|alignment,Clear motivation stated|Company/role-specific reasons|Personal career alignment|Specific contributions mentioned,60
3,Describe a challenging project you worked on and how you handled it.,"I faced a challenge when [situation]. I took the following approach: [steps taken]. I collaborated with [team], used [technologies], and resolved the issue by [solution]. The outcome was [result], and I learned [key lesson].",Problem Solving,Behavioral,STAR Method,Medium,Behavioral,Software Engineer|Frontend Developer|Backend Developer|Full Stack Developer|Data Scientist|ML Engineer|DevOps Engineer|iOS Developer|Android Developer|QA Engineer|Product Manager,challenge|solution|collaboration|outcome|lesson|STAR,STAR format used|Specific technical challenge|Collaboration mentioned|Measurable outcome|Learning articulated,90
4,How do you handle disagreements with teammates or managers?,"I approach disagreements by first listening to understand the other perspective, then presenting data or reasoning to support my view. I focus on the shared goal rather than personal positions. If we cannot agree, I escalate appropriately.",Communication,Behavioral,Conflict Resolution,Medium,Behavioral,Software Engineer|Frontend Developer|Backend Developer|Full Stack Developer|Data Scientist|ML Engineer|DevOps Engineer|Product Manager,disagreement|listening|data-driven|collaboration|escalation|empathy,Active listening approach|Data-driven reasoning|Focus on shared goals|Appropriate escalation path,90
5,Tell me about a time you had to learn a new technology quickly.,"When [situation required new tech], I started by [initial approach: docs, tutorials, courses]. I built a small prototype in [timeframe]. I also asked [mentor/colleague] for guidance. Within [time], I was productive with the technology.",Adaptability,Behavioral,Learning Agility,Medium,Behavioral,Software Engineer|Frontend Developer|Backend Developer|Full Stack Developer|Data Scientist|ML Engineer|DevOps Engineer|iOS Developer|Android Developer,learning|adaptability|self-study|prototype|mentor|growth,Specific technology and timeline|Structured learning approach|Practical hands-on practice|Seeking guidance when needed,90
6,What are the core differences between processes and threads?,"Processes have independent memory space protected by the OS, while threads share the memory space of their parent process. Threads are lighter (faster to create, less memory overhead). IPC between processes uses pipes, message queues, shared memory, sockets. Threads communicate via shared variables protected by mutexes/semaphores.",Operating Systems,System Architecture,Concurrency,Easy,Technical,Software Engineer|Backend Developer|Full Stack Developer|DevOps Engineer,process|thread|memory|IPC|pipes|shared memory|mutex|semaphore,Independent vs shared memory spaces|IPC mechanisms for processes|Thread synchronization primitives|Context switching overhead differences,90
7,Explain RESTful web services and how idempotency applies to HTTP methods.,"REST is an architectural style for distributed systems using stateless HTTP. Idempotency means repeating the same request produces the same server state. GET (retrieve), PUT (replace), DELETE (remove) are idempotent. POST (create) is non-idempotent since it creates a new resource each time. PATCH may or may not be idempotent depending on implementation.",Web Development,API Design,REST,Medium,Technical,Software Engineer|Backend Developer|Full Stack Developer|Frontend Developer,REST|stateless|HTTP|idempotent|GET|POST|PUT|DELETE|PATCH,Stateless architectural constraint|HTTP method semantics|Idempotency definition and examples|Safe vs unsafe methods,120
8,How do B-Tree indexes optimize query execution? What are the write trade-offs?,"B-Tree indexes provide O(log N) lookup time by maintaining a balanced tree structure, avoiding full table scans (O(N)). The database query planner uses the index to directly find rows. However, writes (INSERT, UPDATE, DELETE) are slower because the index structure must be updated synchronously. This is why over-indexing hurts write-heavy workloads. Selective indexing on high-cardinality, frequently-queried columns is best practice.",Databases,Database Optimization,Indexing,Hard,Technical,Software Engineer|Backend Developer|Database Administrator|Full Stack Developer,index|B-Tree|lookup|query planner|write overhead|insert|update|cardinality,B-Tree structure and O(log N) complexity|Avoidance of full table scans|Write penalty from index maintenance|Selective indexing best practices,120
9,Describe the JavaScript Event Loop and how async operations are processed.,"JS runs on a single thread. The Event Loop processes: Call Stack (sync code), Microtask Queue (Promise.then, async/await, queueMicrotask), Macrotask Queue (setTimeout, setInterval, I/O, UI events). After each macrotask, the engine drains the entire microtask queue before picking the next macrotask. This is why Promise callbacks run before setTimeout callbacks.",JavaScript,Frontend Architecture,Asynchronous JS,Medium,Technical,Software Engineer|Frontend Developer|Full Stack Developer,Event Loop|call stack|microtask|macrotask|promise|async|await|setTimeout,Single-threaded model explanation|Call Stack vs Task Queues distinction|Microtask priority over macrotasks|Practical example with Promise vs setTimeout,120
10,What are SOLID design principles? How does DIP improve testability?,"SOLID: Single Responsibility (one reason to change), Open/Closed (open for extension, closed for modification), Liskov Substitution (subtypes replaceable without breaking program), Interface Segregation (no client forced to depend on unused interfaces), Dependency Inversion (depend on abstractions not concretions). DIP improves testability by allowing concrete dependencies to be swapped for mocks/stubs in unit tests without changing the production code.",Software Engineering,Object Oriented Design,Design Principles,Hard,Technical,Software Engineer|Backend Developer|Full Stack Developer,SOLID|Dependency Inversion|abstraction|decoupling|unit testing|mocking|interface,All 5 SOLID principles named and explained|Dependency on abstractions vs concretions|Testability improvement via dependency injection|Concrete example of mocking,120
11,What is a React Virtual DOM and how does reconciliation work?,"The Virtual DOM is a lightweight in-memory representation of the real DOM. When state changes, React creates a new Virtual DOM tree and diffs it against the previous one (reconciliation). React identifies the minimum set of real DOM mutations needed using the diffing algorithm (O(n) via heuristics: same-level comparison, key prop optimization). Only changed nodes are updated in the real DOM, making updates efficient.",React,Frontend Architecture,Virtual DOM,Medium,Technical,Frontend Developer|Full Stack Developer|Software Engineer,Virtual DOM|reconciliation|diffing|fiber|key|state|re-render,Virtual DOM concept and purpose|Reconciliation algorithm explanation|Role of key prop in list optimization|Efficiency benefits over direct DOM manipulation,120
12,Explain CSS Flexbox vs Grid. When would you use each?,"Flexbox is one-dimensional — ideal for laying out items in a single row or column (navigation bars, button groups, centering). Grid is two-dimensional — ideal for page-level layouts with both rows and columns simultaneously. Use Flexbox for component-level alignment; use Grid for full page or section layouts. They are complementary and can be nested.",CSS,Frontend Architecture,Layout,Easy,Technical,Frontend Developer|Full Stack Developer,flexbox|grid|layout|one-dimensional|two-dimensional|alignment|responsive,Flexbox as 1D layout system|Grid as 2D layout system|Appropriate use cases for each|Nesting and combining both,90
13,What is the difference between useState and useReducer in React?,"useState is for simple, independent state values. useReducer is for complex state logic where the next state depends on the previous state or multiple sub-values. useReducer is preferable when: state transitions follow defined actions (like Redux), multiple state values update together, or state logic needs to be extracted/tested independently. useReducer takes a reducer function (state, action) => newState and returns [state, dispatch].",React,Frontend Architecture,State Management,Medium,Technical,Frontend Developer|Full Stack Developer|Software Engineer,useState|useReducer|state|reducer|dispatch|action|complex state,useState use case identification|useReducer use case identification|reducer function signature|When to prefer useReducer over useState,120
14,How does the browser critical rendering path work?,"The Critical Rendering Path is the sequence: HTML → DOM, CSS → CSSOM, DOM + CSSOM → Render Tree, Layout (compute geometry), Paint (pixel drawing), Composite (layer ordering). JS blocks parsing (unless async/defer). Render-blocking CSS delays render tree construction. To optimize: minimize render-blocking resources, use async/defer for scripts, inline critical CSS, use resource hints (preload, prefetch).",Performance,Frontend Architecture,Browser Internals,Hard,Technical,Frontend Developer|Full Stack Developer|Software Engineer,CRP|DOM|CSSOM|render tree|layout|paint|composite|async|defer|preload,DOM and CSSOM construction|Render tree formation|Layout and paint steps|Render-blocking resource optimization,120
15,What is TypeScript and what are its main benefits over JavaScript?,"TypeScript is a statically-typed superset of JavaScript compiled to JS. Benefits: compile-time type checking catches errors early, better IDE support (autocomplete, refactoring), self-documenting interfaces and types, easier refactoring of large codebases, generics for reusable type-safe code. Trade-offs: compilation step, learning curve for types, sometimes overly verbose.",TypeScript,Software Engineering,Type Systems,Easy,Technical,Frontend Developer|Full Stack Developer|Software Engineer,TypeScript|static typing|interfaces|generics|compile-time|type safety|IDE,Static type checking benefits|Interface and type definitions|Generic types for reusability|Trade-offs of TypeScript adoption,90
16,How does HTTP/2 differ from HTTP/1.1? What performance improvements does it provide?,"HTTP/2 improvements over HTTP/1.1: Multiplexing (multiple requests on single connection vs one per connection), Header Compression (HPACK reduces repetitive header overhead), Server Push (proactively send resources before client requests), Binary Framing (binary protocol vs text). This eliminates head-of-line blocking at the HTTP level (though TCP HoL blocking remains — solved by HTTP/3/QUIC).",Networking,Backend Architecture,HTTP Protocols,Medium,Technical,Backend Developer|Full Stack Developer|Software Engineer|DevOps Engineer,HTTP2|multiplexing|header compression|server push|binary framing|HPACK|HoL blocking,Multiplexing vs connection-per-request|Header compression mechanism|Server push capability|Binary vs text protocol,120
17,"What is database normalization? Explain 1NF, 2NF, 3NF.","Normalization eliminates data redundancy and insertion/update/deletion anomalies. 1NF: atomic values, no repeating groups, each row unique. 2NF: 1NF + no partial dependencies (non-key attributes depend on the whole primary key). 3NF: 2NF + no transitive dependencies (non-key attributes depend only on primary key, not on other non-key attributes). Denormalization is deliberately undone for performance in read-heavy workloads.",Databases,Database Design,Normalization,Medium,Technical,Backend Developer|Database Administrator|Full Stack Developer|Software Engineer,normalization|1NF|2NF|3NF|redundancy|anomalies|primary key|transitive dependency,1NF atomic values requirement|2NF elimination of partial dependencies|3NF elimination of transitive dependencies|When to denormalize for performance,120
18,Explain the CAP theorem and its implications for distributed systems.,"CAP theorem states a distributed system can guarantee at most 2 of 3 properties: Consistency (all nodes see the same data simultaneously), Availability (every request gets a response), Partition Tolerance (system works despite network partitions). Since network partitions are unavoidable in real distributed systems, the real choice is between CP (e.g., HBase, ZooKeeper) and AP (e.g., Cassandra, DynamoDB, CouchDB) systems.",Distributed Systems,System Design,CAP Theorem,Hard,Technical,Software Engineer|Backend Developer|Full Stack Developer|Cloud Engineer,CAP|consistency|availability|partition tolerance|distributed|CP|AP|Cassandra|ZooKeeper,CAP theorem three properties defined|Network partition as inevitable reality|CP vs AP system examples|BASE vs ACID trade-offs,120
19,How does JWT authentication work? What are its security considerations?,"JWT (JSON Web Token) has three parts: Header (algorithm), Payload (claims: sub, iat, exp, custom), Signature (HMAC or RSA of header+payload). Server creates JWT on login, client stores it (httpOnly cookie or localStorage), sends it in Authorization: Bearer header. Verification is stateless — server validates signature without DB lookup. Security concerns: store in httpOnly cookies (not localStorage, XSS risk), short expiry + refresh tokens, never put sensitive data in payload (it's base64, not encrypted), validate exp and iss claims.",Security,Backend Architecture,Authentication,Medium,Technical,Backend Developer|Full Stack Developer|Software Engineer|Security Engineer,JWT|header|payload|signature|HMAC|Bearer|httpOnly|refresh token|XSS|expiry,JWT three-part structure|Stateless verification mechanism|httpOnly cookie vs localStorage security|Refresh token pattern for expiry,120
20,What is Docker and how does containerization differ from virtualization?,"Docker packages apps + dependencies into containers that share the host OS kernel. Virtual Machines run a full guest OS on a hypervisor. Containers: faster startup (seconds vs minutes), smaller footprint (MB vs GB), process-level isolation (less secure than VMs). VMs: stronger isolation, full OS, better for running different OS types. Docker uses namespaces (isolation) and cgroups (resource limits). Dockerfile defines the image; docker-compose orchestrates multi-container apps.",DevOps,Infrastructure,Containerization,Easy,Technical,DevOps Engineer|Backend Developer|Full Stack Developer|Cloud Engineer|Software Engineer,Docker|container|virtualization|VM|namespace|cgroup|image|Dockerfile|docker-compose,Container vs VM architecture differences|Namespace and cgroup kernel features|Dockerfile and image concepts|docker-compose for multi-container orchestration,90
21,"Explain Kubernetes pod, deployment, and service concepts.","A Pod is the smallest deployable unit — one or more containers sharing network/storage. A Deployment manages a ReplicaSet to maintain a desired number of pod replicas, handles rolling updates and rollbacks. A Service is a stable network endpoint abstracting the pod IP churn — types: ClusterIP (internal), NodePort (external via node), LoadBalancer (cloud LB). Labels and selectors connect services to pods.",DevOps,Infrastructure,Kubernetes,Medium,Technical,DevOps Engineer|Cloud Engineer|Backend Developer,Kubernetes|pod|deployment|ReplicaSet|service|ClusterIP|NodePort|LoadBalancer|labels|selectors,Pod as smallest unit with shared network|Deployment for desired state management|Service types and their use cases|Label and selector coupling mechanism,120
22,What is CI/CD? Describe a typical pipeline.,"CI (Continuous Integration) automates merging and testing code frequently. CD (Continuous Delivery/Deployment) automates releasing to staging/production. Typical pipeline: code push → trigger (GitHub Actions, Jenkins, GitLab CI) → lint + unit tests → build artifact → integration tests → deploy to staging → smoke tests → deploy to production. Key principles: fail fast, every commit is potentially releasable, automated rollback on failure.",DevOps,Software Engineering,CI/CD,Easy,Technical,DevOps Engineer|Software Engineer|Backend Developer|Full Stack Developer,CI|CD|pipeline|GitHub Actions|Jenkins|lint|unit tests|build|staging|deployment|rollback,CI definition and purpose|CD definition and purpose|Pipeline stages in sequence|Fail-fast and rollback principles,90
23,What is the difference between SQL and NoSQL databases? When to use each?,"SQL databases: relational, ACID transactions, schema-on-write, strong consistency, best for structured data with complex joins (e-commerce, banking). NoSQL types: Document (MongoDB — flexible schema), Key-Value (Redis — caching, sessions), Wide-Column (Cassandra — time series, analytics), Graph (Neo4j — social networks). NoSQL: horizontal scale, eventual consistency, schema-on-read, best for high-volume, variable-structure data.",Databases,Database Design,SQL vs NoSQL,Medium,Technical,Backend Developer|Full Stack Developer|Software Engineer|Database Administrator|Data Engineer,SQL|NoSQL|ACID|relational|MongoDB|Redis|Cassandra|document|key-value|horizontal scaling,SQL ACID properties and use cases|NoSQL category types and examples|Schema-on-write vs schema-on-read|Horizontal vs vertical scaling,120
24,How does Python's GIL affect multi-threading? How do you work around it?,"The GIL (Global Interpreter Lock) allows only one thread to execute Python bytecode at a time in CPython. This makes CPU-bound multi-threading ineffective. Workarounds: Use multiprocessing (separate processes, separate GILs) for CPU-bound tasks. Use asyncio (single-threaded cooperative concurrency) for I/O-bound tasks. Use threading for I/O-bound tasks where GIL is released during I/O waits. Use C extensions (NumPy) that release the GIL. Python 3.13+ introduces per-interpreter GIL (free-threaded mode).",Python,Backend Architecture,Concurrency,Hard,Technical,Backend Developer|Full Stack Developer|Data Scientist|ML Engineer|Software Engineer,GIL|CPython|threading|multiprocessing|asyncio|CPU-bound|I/O-bound|concurrency,GIL definition and CPython specificity|CPU-bound vs I/O-bound impact|Multiprocessing as CPU-bound solution|asyncio for I/O-bound concurrency,120
25,Explain Python decorators with an example.,"A decorator is a function that wraps another function to add behavior without modifying its code. Syntax: @decorator above function definition. Under the hood: func = decorator(func). Common uses: logging, authentication, caching (@functools.lru_cache), timing, retry logic. Example: @login_required decorator checks session before calling the view function. Class decorators wrap the entire class. Decorators can take arguments (decorator factory pattern).",Python,Software Engineering,Metaprogramming,Medium,Technical,Backend Developer|Full Stack Developer|Software Engineer|Data Scientist,decorator|wrapper|functools|lru_cache|closure|higher-order function,Decorator as function wrapper concept|Syntax sugar for func = decorator(func)|Practical use case examples|Decorator with arguments (factory pattern),120
26,What is a Python generator and how does it differ from a regular function?,"A generator uses yield instead of return. Calling a generator function returns a generator object — it does not execute the body. Values are produced lazily one at a time via next(). Memory efficient: doesn't hold all values in memory simultaneously. Generator expressions: (x**2 for x in range(1000)) vs list comprehension. Use cases: processing large datasets, infinite sequences, pipeline data transformations.",Python,Software Engineering,Iterators and Generators,Medium,Technical,Backend Developer|Full Stack Developer|Data Scientist|Software Engineer,generator|yield|lazy evaluation|memory efficient|generator expression|iterator protocol,yield vs return difference|Lazy evaluation and memory efficiency|Generator as iterator protocol implementation|Generator expressions vs list comprehensions,90
27,Describe how you would design a rate limiter for an API.,"Common algorithms: Token Bucket (tokens replenish at rate R, consumed per request — allows bursting), Sliding Window Log (log each request timestamp, count in window), Sliding Window Counter (mix of fixed window + sliding adjustment). Implementation: Use Redis INCR + EXPIRE for distributed rate limiting. Store per-client (IP or API key) counters. Return 429 Too Many Requests with Retry-After header. Consider per-endpoint and per-org limits.",System Design,Backend Architecture,Rate Limiting,Hard,Technical,Backend Developer|Full Stack Developer|Software Engineer|Cloud Engineer,rate limiter|token bucket|sliding window|Redis|429|API key|distributed|INCR|EXPIRE,"Rate limiting algorithm options (token bucket, sliding window)|Redis as distributed counter|Per-client vs global limits|429 status code and Retry-After header",180
28,How would you design a URL shortener service like bit.ly?,"Requirements: short URL generation, redirect, analytics (click count). Short URL: base62 encode a counter or hash (collision-free). Storage: URL-to-short mapping in DB (PostgreSQL or Redis for hot paths). Redirect: 301 (permanent, cached) vs 302 (temporary, tracked every time). Scale: CDN for redirects (edge caching), async analytics writes to prevent redirect latency, DB sharding by short URL prefix. Custom aliases: check uniqueness before insertion.",System Design,System Design,URL Shortener,Medium,Technical,Software Engineer|Backend Developer|Full Stack Developer|Cloud Engineer,URL shortener|base62|hash|collision|Redis|CDN|301|302|analytics|sharding,Short URL generation approach (base62/hash)|301 vs 302 redirect implications|Redis caching for hot URLs|Analytics decoupled from redirect path,180
29,"Design a notification system that can send email, SMS, and push notifications.","Components: Notification Service API, Template Engine (per channel, per locale), Channel Adapters (email: SES/SendGrid, SMS: Twilio, Push: FCM/APNs), Queue (high volume buffering, retry), User Preference Service (opt-out, channel preferences). Flow: trigger → publish to queue → consumer dequeues → resolve template → send via adapter → update delivery status. Retry with exponential backoff. Deduplication using idempotency keys.",System Design,System Design,Notification System,Hard,Technical,Software Engineer|Backend Developer|Full Stack Developer,notification|queue|email|SMS|push|template|retry|idempotency|FCM|SES|Twilio,Multi-channel abstraction via adapters|Queue for buffering and retry|Template engine for channel/locale|Idempotency to prevent duplicate sends,180
30,What is the difference between authorization and authentication?,"Authentication (AuthN) verifies identity — who are you? (login with password, MFA, SSO). Authorization (AuthZ) verifies permissions — what can you do? (RBAC, ABAC, ACLs). Authentication happens first. Common pattern: AuthN issues a JWT/session, AuthZ middleware reads claims from the token to check permissions. OAuth2 is an authorization framework (delegating access), OIDC adds authentication on top of OAuth2.",Security,Backend Architecture,Auth,Easy,Technical,Software Engineer|Backend Developer|Full Stack Developer|Security Engineer,authentication|authorization|AuthN|AuthZ|JWT|RBAC|OAuth2|OIDC|MFA,Authentication vs authorization distinction|Authentication precedes authorization|JWT claims for authorization decisions|OAuth2 vs OIDC purpose difference,90
31,"Explain SQL JOIN types: INNER, LEFT, RIGHT, FULL OUTER.","INNER JOIN: returns rows matching in BOTH tables. LEFT JOIN: returns all rows from left table + matching right (nulls for non-matches on right). RIGHT JOIN: opposite of LEFT. FULL OUTER JOIN: all rows from both tables, nulls where no match. CROSS JOIN: Cartesian product of all row combinations. Self-join: joining a table to itself (org charts, adjacency lists). Always specify join conditions (ON clause) to avoid accidental CROSS JOINs.",Databases,Database Queries,SQL Joins,Easy,Technical,Backend Developer|Full Stack Developer|Software Engineer|Database Administrator|Data Scientist|Data Engineer,JOIN|INNER JOIN|LEFT JOIN|RIGHT JOIN|FULL OUTER JOIN|CROSS JOIN|self-join|NULL,INNER JOIN matching rows in both tables|LEFT JOIN preserving all left rows|FULL OUTER JOIN including all rows|Practical use case for each join type,90
32,What is GraphQL and how does it differ from REST?,"GraphQL is a query language and runtime for APIs. Differences from REST: single endpoint (vs multiple REST endpoints), client specifies exact fields (vs server-defined response shape — no over/under-fetching), strongly typed schema (SDL), introspection (schema self-documentation), mutations for writes, subscriptions for real-time. Trade-offs: caching harder (all POST), N+1 query problem in resolvers (use DataLoader for batching), more complex setup vs REST.",Web Development,API Design,GraphQL,Medium,Technical,Frontend Developer|Backend Developer|Full Stack Developer|Software Engineer,GraphQL|REST|schema|query|mutation|subscription|over-fetching|under-fetching|DataLoader|N+1,Single endpoint vs multiple REST endpoints|Client-specified field selection|Strongly typed schema advantage|N+1 problem and DataLoader solution,120
33,How does garbage collection work in Java/Python?,"Python uses reference counting + cyclic garbage collector (handles circular references). Java uses generational GC: Young Generation (Eden + Survivor spaces, minor GC), Old Generation (major/full GC), Metaspace. Most objects die young (generational hypothesis). GC algorithms: Mark-and-Sweep (mark live objects, sweep dead), G1GC, ZGC (low-latency), Shenandoah. GC pauses (stop-the-world) affect latency-sensitive apps. Tune via heap size, GC algorithm selection, object pool reuse.",Software Engineering,Runtime Systems,Garbage Collection,Hard,Technical,Software Engineer|Backend Developer|Full Stack Developer,GC|garbage collection|reference counting|generational|Mark-and-Sweep|G1GC|heap|stop-the-world|young generation,Reference counting and cyclic GC in Python|Generational hypothesis and young/old gen|Mark-and-sweep algorithm|Stop-the-world pauses and latency impact,120
34,What are microservices? What are their trade-offs vs monolith?,"Microservices decompose an app into independent, loosely coupled services each owning its data, deployed independently, communicating via APIs/messages. Benefits: independent scaling, independent deployments, technology diversity, fault isolation. Trade-offs: distributed system complexity, network latency, data consistency challenges (no shared DB), operational overhead (service discovery, load balancing, observability), testing complexity. Start with monolith, extract services when team/scaling demands it.",System Design,Architecture,Microservices,Medium,Technical,Software Engineer|Backend Developer|Full Stack Developer|DevOps Engineer|Cloud Engineer,microservices|monolith|independent|coupling|fault isolation|network latency|service discovery|data consistency,Independent deployment and scaling benefit|Distributed system complexity trade-off|Data consistency challenge without shared DB|When to prefer monolith vs microservices,120
35,What is Redis and what are its common use cases?,"Redis is an in-memory data structure store supporting: Strings (caching, counters), Lists (queues, recent activity), Sets (unique members, tags), Sorted Sets (leaderboards, rate limiting), Hashes (objects/sessions), Pub/Sub (messaging), Streams (event log). Use cases: session storage, caching (cache-aside or write-through), rate limiting (INCR + EXPIRE), distributed locks (SETNX), message queues (RPUSH/BLPOP), real-time leaderboards. Persistence: RDB snapshots or AOF (append-only file).",Databases,Backend Architecture,Caching,Medium,Technical,Backend Developer|Full Stack Developer|Software Engineer|DevOps Engineer|Data Engineer,Redis|caching|session|Pub/Sub|sorted sets|rate limiting|distributed lock|SETNX|EXPIRE,"Redis as in-memory data structure store|Data type variety and use cases|Caching patterns (cache-aside, write-through)|Persistence options (RDB vs AOF)",120
36,Explain Python's async/await and asyncio.,"asyncio provides an event loop running on a single thread. async def defines a coroutine. await suspends the current coroutine, allowing the event loop to run other coroutines while waiting for I/O. async for/async with for async iteration and context managers. Key concepts: coroutines are not threads — no true parallelism for CPU-bound tasks. asyncio.gather() runs multiple coroutines concurrently. Ideal for I/O-heavy apps: web servers, API clients, database queries.",Python,Backend Architecture,Async Programming,Medium,Technical,Backend Developer|Full Stack Developer|Software Engineer|Data Engineer,asyncio|async|await|coroutine|event loop|gather|I/O bound|concurrent,async/await syntax and coroutine concept|Event loop single-threaded execution model|asyncio.gather for concurrent coroutines|I/O-bound vs CPU-bound distinction,120
37,What is the difference between SQL GROUP BY and HAVING?,"GROUP BY collapses multiple rows into summary rows based on a column's value — used with aggregate functions (COUNT, SUM, AVG, MAX, MIN). HAVING filters the grouped result (like WHERE but applied AFTER aggregation). Execution order: FROM → WHERE → GROUP BY → HAVING → SELECT → ORDER BY. Example: SELECT department, AVG(salary) FROM employees GROUP BY department HAVING AVG(salary) > 50000.",Databases,Database Queries,SQL Aggregation,Easy,Technical,Backend Developer|Database Administrator|Data Scientist|Data Engineer|Full Stack Developer,GROUP BY|HAVING|aggregate|COUNT|SUM|AVG|WHERE|execution order,GROUP BY for row aggregation|Aggregate function usage|HAVING vs WHERE distinction|SQL execution order,90
38,How do you implement pagination efficiently at scale?,"Offset pagination (LIMIT/OFFSET) is simple but slow at high offsets (DB still scans all preceding rows). Cursor-based pagination (keyset pagination): WHERE id > last_seen_id ORDER BY id LIMIT n — O(1) regardless of position, no row skipping. Use cursor pagination for large datasets. Return next_cursor in response. Downside: no random page access, requires stable sort order. For search results with relevance scoring, use search_after in Elasticsearch.",Databases,Backend Architecture,Pagination,Medium,Technical,Backend Developer|Full Stack Developer|Software Engineer|Database Administrator,pagination|LIMIT|OFFSET|cursor|keyset|next_cursor|search_after|Elasticsearch,Offset pagination limitation at scale|Keyset/cursor pagination mechanics|O(1) vs O(N) complexity comparison|Search result pagination via search_after,120
39,What is a deadlock? How do you prevent it?,"A deadlock occurs when two or more threads/transactions each hold a resource the other needs, causing circular wait. Four Coffman conditions: Mutual Exclusion, Hold-and-Wait, No Preemption, Circular Wait. Prevention: Lock ordering (always acquire locks in the same global order), timeout and retry, deadlock detection (DB transaction managers detect and abort one transaction), avoid long-held locks, use optimistic locking for read-heavy workloads.",Operating Systems,System Architecture,Concurrency,Hard,Technical,Software Engineer|Backend Developer|Full Stack Developer|Database Administrator,deadlock|Coffman conditions|circular wait|lock ordering|timeout|optimistic locking|transaction,Four Coffman conditions|Lock ordering as primary prevention|DB deadlock detection and abort|Optimistic vs pessimistic locking comparison,120
40,Describe the MVC design pattern.,"MVC: Model (data and business logic — DB entities, validation), View (UI presentation — templates, components), Controller (handles requests, coordinates Model and View). Benefits: separation of concerns, testable models, swappable views, clear responsibility boundaries. Variants: MVP (Model-View-Presenter, View is passive), MVVM (Model-View-ViewModel, two-way data binding — used in React/Angular). In REST APIs, 'View' is the JSON response and Controller is the route handler.",Software Engineering,Object Oriented Design,Design Patterns,Easy,Technical,Software Engineer|Backend Developer|Full Stack Developer|Frontend Developer,MVC|Model|View|Controller|separation of concerns|MVP|MVVM|design pattern,Model-View-Controller responsibility separation|Separation of concerns benefit|MVC in REST API context|MVC vs MVP vs MVVM,90
41,"Explain React hooks: useEffect, useMemo, useCallback.","useEffect: runs side effects after render (data fetching, subscriptions). Dependency array controls when it re-runs: [] = once on mount, [dep] = when dep changes, no array = every render. Cleanup function handles unsubscribe. useMemo: memoizes an expensive computed value, recomputes only when dependencies change — avoids expensive recalculation on every render. useCallback: memoizes a function reference — prevents child re-renders when passing callbacks as props. Both useMemo and useCallback have a cost — only use when profiling confirms benefit.",React,Frontend Architecture,React Hooks,Medium,Technical,Frontend Developer|Full Stack Developer|Software Engineer,useEffect|useMemo|useCallback|dependency array|memoization|cleanup|side effect|re-render,useEffect dependency array behavior|useEffect cleanup pattern|useMemo for expensive computations|useCallback for stable function references,120
42,What is tree shaking in modern JavaScript bundlers?,"Tree shaking is dead code elimination for ES module (import/export) code. Bundlers like Webpack/Rollup/Vite analyze which exports are actually imported and exclude unused code from the bundle. Requires: ES module syntax (not CommonJS require()), pure functions (no side effects), proper sideEffects field in package.json. Side-effectful modules (CSS imports, polyfills) must be declared to avoid being incorrectly removed.",JavaScript,Frontend Architecture,Build Optimization,Hard,Technical,Frontend Developer|Full Stack Developer|Software Engineer,tree shaking|dead code elimination|ES modules|Webpack|Rollup|Vite|sideEffects|bundle size,Dead code elimination concept|ES module requirement for tree shaking|sideEffects field in package.json|Comparison with CommonJS (no tree shaking),90
43,How does Python's list comprehension differ from a generator expression?,"List comprehension [x for x in range(N)] creates the entire list in memory immediately. Generator expression (x for x in range(N)) creates a lazy iterator — values computed on demand. Use list comprehension when you need the full list (random access, multiple iterations, len()). Use generator expression for single-pass large data processing to save memory. Generator expressions are O(1) memory vs O(N) for list comprehension.",Python,Software Engineering,Memory Management,Easy,Technical,Backend Developer|Data Scientist|Full Stack Developer|Software Engineer,list comprehension|generator expression|lazy|memory|iterator|O(1)|O(N),List comprehension eager evaluation|Generator expression lazy evaluation|Memory footprint comparison|When to prefer each approach,90
44,Explain how React Context and Redux differ for state management.,"React Context is built-in — good for low-frequency, global state (theme, locale, auth). Cons: every consumer re-renders on context value change (no selective subscription without useMemo/memo). Redux: external library, predictable state container with actions and reducers, devtools for time-travel debugging, middleware (thunk, saga) for async, selective subscription via useSelector (prevents unnecessary re-renders). Redux Toolkit reduces boilerplate. Use Context for simple global config; Redux for complex, frequently-updated shared state.",React,Frontend Architecture,State Management,Medium,Technical,Frontend Developer|Full Stack Developer|Software Engineer,Context|Redux|useSelector|useReducer|re-render|DevTools|Redux Toolkit|middleware|thunk,Context re-render on every change issue|Redux selective subscription benefit|Redux Toolkit boilerplate reduction|Use case decision criteria,120
45,What is WebSocket and when would you use it instead of HTTP polling?,"WebSocket is a persistent, full-duplex TCP connection established via HTTP Upgrade handshake. Unlike HTTP, both client and server can send messages at any time. Use WebSocket for: real-time chat, live dashboards, multiplayer games, collaborative editing, live notifications. HTTP long polling keeps the request open until server has data — higher overhead. Server-Sent Events (SSE) are unidirectional (server → client), simpler but one-way. Choose SSE for feeds; WebSocket for bidirectional real-time communication.",Networking,Backend Architecture,Real-Time,Medium,Technical,Backend Developer|Full Stack Developer|Software Engineer|Frontend Developer,WebSocket|HTTP|polling|Server-Sent Events|SSE|full-duplex|TCP|real-time|bidirectional,WebSocket persistent bidirectional connection|HTTP Upgrade handshake mechanism|Polling vs WebSocket overhead|SSE for unidirectional server-push,120
46,How does k-means clustering work? What are its limitations?,"k-means randomly initializes k centroids, assigns each point to nearest centroid (Euclidean distance), recomputes centroids as cluster means, repeats until convergence. Time complexity: O(n*k*i) where i is iterations. Limitations: must specify k in advance (use elbow method or silhouette score), assumes spherical clusters, sensitive to initialization (use k-means++), sensitive to outliers, doesn't work well with high-dimensional data (curse of dimensionality), not suitable for non-convex clusters.",Machine Learning,ML Algorithms,Clustering,Medium,Technical,Data Scientist|ML Engineer|Software Engineer,k-means|centroid|clustering|Euclidean|elbow method|silhouette|k-means++|convergence,Centroid initialization and assignment steps|Convergence criterion|Need to pre-specify k and alternatives|Spherical cluster assumption limitation,120
47,"Explain gradient descent and its variants (SGD, mini-batch, Adam).","Gradient descent minimizes loss by stepping in the negative gradient direction: θ = θ - α * ∇L. Variants: Batch GD (uses all data per step — slow for large datasets), SGD (Stochastic — one sample per step — noisy but fast, can escape local minima), Mini-batch GD (small batches — balanced). Adaptive methods: Adam combines momentum (moving avg of gradients) + RMSProp (moving avg of squared gradients), adjusting learning rate per parameter. Adam converges faster in practice.",Machine Learning,ML Fundamentals,Optimization,Hard,Technical,Data Scientist|ML Engineer|Software Engineer,gradient descent|SGD|mini-batch|Adam|learning rate|momentum|RMSProp|loss|convergence,Gradient descent loss minimization mechanics|SGD vs batch vs mini-batch trade-offs|Adam optimizer combining momentum and RMSProp|Learning rate and convergence relationship,120
48,What is overfitting? How do you prevent it?,"Overfitting: model memorizes training data but fails to generalize (high variance, low bias). Signs: training loss << validation loss. Prevention: more training data, regularization (L1/L2 penalize large weights), dropout (neural nets, randomly zero neurons), early stopping (stop when val loss stops improving), cross-validation, data augmentation, simpler model, ensemble methods. Underfitting (high bias): model too simple — increase capacity or features.",Machine Learning,ML Fundamentals,Model Evaluation,Medium,Technical,Data Scientist|ML Engineer|Software Engineer,overfitting|generalization|variance|bias|L1|L2|dropout|early stopping|cross-validation|regularization,Overfitting definition and signs|Bias-variance trade-off|Regularization techniques (L1/L2/dropout)|Early stopping and cross-validation,120
49,"What is a confusion matrix and how do you interpret precision, recall, F1?","Confusion matrix shows TP, FP, FN, TN. Precision = TP/(TP+FP) — when we predict positive, how often correct? Recall (Sensitivity) = TP/(TP+FN) — of all actual positives, how many did we catch? F1 = 2*(P*R)/(P+R) — harmonic mean balancing precision and recall. Use Precision when false positives are costly (spam detection). Use Recall when false negatives are costly (cancer screening). AUC-ROC measures model's discrimination ability across all thresholds.",Machine Learning,ML Evaluation,Metrics,Easy,Technical,Data Scientist|ML Engineer|Software Engineer,confusion matrix|precision|recall|F1|TP|FP|FN|TN|AUC-ROC,Confusion matrix four quadrants|Precision definition and high-precision use case|Recall definition and high-recall use case|F1 as harmonic mean balance,90
50,What is the difference between ETL and ELT?,"ETL (Extract, Transform, Load): extract from source, transform in a staging area (data warehouse or ETL server), load cleaned data into destination. Traditional approach for on-premise warehouses. ELT (Extract, Load, Transform): load raw data into destination first (data lake/cloud DW), transform there using the warehouse's compute. Cloud DWs (BigQuery, Snowflake, Redshift) make ELT practical since transformation cost is low on powerful cloud compute. ELT is more flexible — raw data retained for reprocessing.",Data Engineering,Data Architecture,ETL vs ELT,Easy,Technical,Data Engineer|Data Scientist|Backend Developer,ETL|ELT|extract|transform|load|data warehouse|data lake|BigQuery|Snowflake|staging,ETL traditional staging area transformation|ELT raw data preservation|Cloud DW compute enabling ELT|Flexibility of ELT for schema evolution,90
51,Explain how a hash table works. What happens on collision?,"Hash table stores key-value pairs. Hash function maps key to an index (bucket). Collision (two keys map to same index) resolution: Chaining (each bucket is a linked list of colliding entries), Open Addressing (probe next available slot: linear, quadratic, double hashing). Average O(1) lookup/insert/delete. Worst case O(N) if all keys collide (bad hash function, DoS via hash collision attack). Load factor = n/m (entries/buckets); rehashing when load factor exceeds threshold (typically 0.75).",Computer Science,Data Structures,Hash Tables,Medium,Technical,Software Engineer|Backend Developer|Full Stack Developer|Data Scientist,hash table|hash function|collision|chaining|open addressing|load factor|rehashing|O(1),Hash function mapping key to index|Chaining vs open addressing collision resolution|O(1) average vs O(N) worst case|Load factor and rehashing threshold,90
52,How does a binary search tree (BST) work? What about a balanced BST?,"BST property: left child < parent < right child. Operations: search O(h), insert O(h), delete O(h) where h = tree height. Problem: unbalanced BST (sorted insertion) degrades to O(N). Balanced BSTs maintain O(log N) height: AVL tree (strictly balanced, rotations on insert/delete), Red-Black tree (less strict, fewer rotations — used in Java TreeMap, C++ std::map), B-Tree (multi-key nodes, used in database indexes). TreeMap/SortedMap use Red-Black trees.",Computer Science,Data Structures,Trees,Medium,Technical,Software Engineer|Backend Developer|Full Stack Developer|Data Scientist,BST|binary search tree|balanced|AVL|Red-Black|B-Tree|rotation|O(log N)|O(N),BST property and operations|Unbalanced BST worst case|AVL vs Red-Black balance trade-off|B-Tree for database index use case,90
53,What is Big O notation? Analyze the complexity of common sorting algorithms.,"Big O describes worst-case time/space complexity as input size N grows. Common: O(1) constant, O(log N) binary search, O(N) linear scan, O(N log N) merge sort, O(N²) bubble/insertion/selection sort, O(2^N) combinatorial. Sorting: Bubble/Insertion/Selection O(N²) average/worst. Merge Sort O(N log N) always (stable). Quick Sort O(N log N) average, O(N²) worst (bad pivot). Heap Sort O(N log N) always (not stable). Counting/Radix Sort O(N+k) for integer keys.",Computer Science,Algorithms,Complexity Analysis,Easy,Technical,Software Engineer|Backend Developer|Full Stack Developer|Data Scientist|ML Engineer,Big O|O(1)|O(log N)|O(N)|O(N log N)|O(N²)|merge sort|quick sort|heap sort|stable sort,Big O notation and growth rate concept|Quadratic vs linearithmic sorting algorithms|Merge sort guarantees|Quick sort average vs worst case,90
54,Explain dynamic programming. Give an example.,"DP solves problems by breaking into overlapping subproblems, storing results (memoization/tabulation) to avoid recomputation. Two approaches: Top-down memoization (recursion + cache), Bottom-up tabulation (fill table iteratively). Classic examples: Fibonacci (O(N) with DP vs O(2^N) naive), Longest Common Subsequence, Knapsack, Coin Change, Shortest Path (Bellman-Ford). Key insight: optimal substructure (solution to problem contains solutions to subproblems) + overlapping subproblems.",Computer Science,Algorithms,Dynamic Programming,Hard,Technical,Software Engineer|Backend Developer|Data Scientist|ML Engineer,dynamic programming|memoization|tabulation|overlapping subproblems|optimal substructure|Fibonacci|Knapsack|LCS,Overlapping subproblems identification|Optimal substructure requirement|Memoization vs tabulation approaches|Concrete example with complexity improvement,120
55,What is a graph and how do BFS/DFS work?,"Graph G = (V, E). Directed vs undirected, weighted vs unweighted, cyclic vs acyclic (DAG). BFS (Breadth-First Search): uses queue, explores level by level, finds shortest path in unweighted graph, O(V+E). DFS (Depth-First Search): uses stack (or recursion), explores as far as possible before backtracking, used for topological sort, cycle detection, connected components, O(V+E). Applications: BFS → shortest path, web crawler; DFS → maze solving, topological ordering.",Computer Science,Algorithms,Graph Algorithms,Medium,Technical,Software Engineer|Backend Developer|Full Stack Developer|Data Scientist,graph|BFS|DFS|queue|stack|shortest path|topological sort|cycle detection|O(V+E),"Graph types (directed, weighted, cyclic)|BFS level-order traversal and shortest path|DFS stack-based exploration|Applications: BFS for shortest path, DFS for topological sort",120
56,Explain the Android Activity lifecycle.,"Activity lifecycle callbacks: onCreate (initialize, set layout), onStart (visible not interactive), onResume (interactive, foreground), onPause (losing focus, save state), onStop (fully hidden), onRestart (returning from stopped), onDestroy (final cleanup). Key: save state in onSaveInstanceState for configuration changes (rotation). Fragment has similar lifecycle tied to Activity. Process death: OS may kill stopped Activity — restore state from savedInstanceState Bundle.",Android,Mobile Development,Lifecycle,Medium,Technical,Android Developer|Mobile Developer|Software Engineer,Activity|lifecycle|onCreate|onResume|onPause|onStop|onDestroy|savedInstanceState|Fragment,Activity lifecycle callback sequence|onSaveInstanceState for state persistence|Configuration change handling|Process death and state restoration,120
57,What is Kotlin coroutines? How do they compare to Java threads?,"Kotlin coroutines are lightweight concurrency primitives — thousands can run on a few threads. Suspend functions suspend without blocking the thread. CoroutineScope manages coroutine lifecycle. Dispatchers: Main (UI thread), IO (I/O ops), Default (CPU). Structured concurrency: child coroutines fail when parent is cancelled. Benefits over threads: no callback hell, sequential async code style, very cheap to create, easy cancellation. Flow for reactive streams (cold, cancellable).",Android,Mobile Development,Coroutines,Hard,Technical,Android Developer|Mobile Developer|Software Engineer,Kotlin|coroutines|suspend|CoroutineScope|Dispatcher|structured concurrency|Flow|async|await,Coroutine lightweight compared to threads|suspend function non-blocking semantics|Dispatcher types and their purposes|Structured concurrency and cancellation,120
58,What is Swift Optionals and how do you safely unwrap them?,"Optionals represent values that may be absent (nil). Declared as Type? (Optional<Type>). Safe unwrapping: if let (conditional binding), guard let (early exit), optional chaining (obj?.prop?.method()), nil coalescing (value ?? default). Forced unwrap (!) crashes on nil — use only when guaranteed non-nil. Optional map/flatMap for transformations. Implicitly unwrapped optionals (Type!) for properties initialized after init.",iOS,Mobile Development,Swift Language,Medium,Technical,iOS Developer|Mobile Developer|Software Engineer,Swift|Optional|nil|if let|guard let|optional chaining|nil coalescing|forced unwrap|implicitly unwrapped,"Optional as nullable type concept|Safe unwrapping patterns (if let, guard let)|Optional chaining for nested nil safety|Forced unwrap risk and when acceptable",90
59,What is the iOS Auto Layout system?,"Auto Layout uses constraints to define views' positions relative to other views or the superview. Constraint types: equal, >= <=, multiplier, constant. Priority (1-1000): required=1000, high=750, low=250. Content Hugging (resist growing) and Compression Resistance (resist shrinking). Intrinsic content size for labels, images. Stack Views simplify linear layouts. Debug: ambiguous constraints (missing constraints), unsatisfiable (conflicting). Use `constraintEqualToAnchor` or Storyboard Interface Builder.",iOS,Mobile Development,UI Development,Medium,Technical,iOS Developer|Mobile Developer|Software Engineer,Auto Layout|constraints|intrinsic content size|Stack View|priority|Content Hugging|Compression Resistance|ambiguous,Constraint-based layout system|Intrinsic content size concept|Content Hugging and Compression Resistance|Ambiguous vs unsatisfiable constraints,120
60,What is a CI/CD pipeline for mobile apps?,"Mobile CI/CD: code push → unit tests (XCTest/JUnit) → UI tests (Espresso/XCUITest) → static analysis (SwiftLint/Detekt) → build (Xcode/Gradle) → sign (certificates/keystores) → distribute (Firebase App Distribution, TestFlight for internal) → production release (App Store Connect, Google Play Console) using fastlane. Automated semantic versioning, changelog generation. TestFlight/Firebase for beta. Manual review gate for App Store submission.",DevOps,Software Engineering,Mobile CI/CD,Medium,Technical,iOS Developer|Android Developer|Mobile Developer|DevOps Engineer,CI/CD|XCTest|Espresso|fastlane|TestFlight|Firebase App Distribution|App Store|Play Store|Gradle|Xcode,Unit and UI test automation|Build and signing automation|Beta distribution channels|Production release pipeline,120
61,What is test-driven development (TDD)?,"TDD follows Red-Green-Refactor: Write a failing test (Red), write minimal code to pass (Green), refactor without breaking tests. Benefits: forces clear requirements, catches regressions early, leads to testable (loosely coupled) design, living documentation. Types: Unit tests (isolated functions/classes), Integration tests (component interactions), E2E tests (full user flows). Testing pyramid: many unit tests, fewer integration, few E2E. Mocking: replace dependencies with test doubles.",Software Engineering,Testing,TDD,Medium,Technical,Software Engineer|Backend Developer|Frontend Developer|Full Stack Developer|QA Engineer,TDD|Red-Green-Refactor|unit test|integration test|E2E|mocking|test double|testing pyramid,Red-Green-Refactor cycle|Three test type definitions|Testing pyramid principle|Mocking for dependency isolation,90
62,Explain the difference between unit testing and integration testing.,"Unit tests: test a single function/class in isolation, mock all external dependencies, fast (milliseconds), many in number, pinpoint failure location. Integration tests: test interaction between multiple components (service + DB, API + client), use real or in-memory dependencies, slower, fewer in number. E2E tests: test complete user workflows in a real browser/environment, slowest, fewest. The testing pyramid guides proportions: many unit, some integration, few E2E.",Software Engineering,Testing,Test Types,Easy,Technical,Software Engineer|Backend Developer|Frontend Developer|Full Stack Developer|QA Engineer,unit test|integration test|E2E|isolation|mock|testing pyramid|regression|fast,Unit test isolation and mocking|Integration test scope and dependencies|E2E test characteristics|Testing pyramid proportions,90
63,What is a load balancer and what algorithms does it use?,"A load balancer distributes incoming traffic across multiple servers to prevent overload and increase availability. Algorithms: Round Robin (sequential), Weighted Round Robin (capacity-based), Least Connections (to least busy server), IP Hash (sticky sessions — same client → same server), Random. Health checks mark unhealthy servers as unavailable. Layer 4 (TCP) vs Layer 7 (HTTP, route by URL/header) load balancers. AWS ELB, NGINX, HAProxy are common.",System Design,Infrastructure,Load Balancing,Medium,Technical,DevOps Engineer|Backend Developer|Cloud Engineer|Software Engineer|Full Stack Developer,load balancer|Round Robin|Least Connections|IP Hash|sticky session|Layer 4|Layer 7|health check,Load balancing purpose and availability benefit|Round Robin vs Least Connections algorithms|Sticky sessions via IP Hash|Layer 4 vs Layer 7 distinction,90
64,What is a CDN (Content Delivery Network) and how does it work?,"A CDN is a geographically distributed network of edge servers that cache static content (images, CSS, JS, video) close to end users. Flow: user → nearest PoP (Point of Presence) → cache HIT returns content, cache MISS fetches from origin, caches, returns. Benefits: reduced latency (geographic proximity), reduced origin load, DDoS protection, high availability. Cache invalidation: TTL-based, purge APIs, cache-busting via versioned URLs (main.a1b2c3.js).",System Design,Infrastructure,CDN,Easy,Technical,DevOps Engineer|Backend Developer|Cloud Engineer|Full Stack Developer|Software Engineer,CDN|edge server|cache|PoP|cache hit|cache miss|origin|TTL|cache invalidation|DDoS,CDN geographic distribution purpose|Cache hit vs miss flow|Cache invalidation strategies|DDoS protection benefit,90
65,Describe the STAR method for answering behavioral questions.,"STAR: Situation (context and background), Task (your responsibility or goal), Action (specific steps YOU took — use 'I' not 'we'), Result (quantified outcome and lessons learned). Good STAR answers are specific (not hypothetical), action-focused, and results-driven. Aim for 2-3 minutes. Prepare 6-8 STAR stories covering: leadership, conflict, failure, success, teamwork, innovation, time pressure.",Communication,Behavioral,Interview Technique,Easy,Behavioral,Software Engineer|Frontend Developer|Backend Developer|Full Stack Developer|Data Scientist|ML Engineer|DevOps Engineer|iOS Developer|Android Developer|QA Engineer|Product Manager,STAR|Situation|Task|Action|Result|behavioral|storytelling,STAR framework four components|Specificity and quantified results|First-person action focus|Preparation of reusable stories,60
66,How do you prioritize tasks when everything seems urgent?,"I use a prioritization framework like the Eisenhower Matrix (Urgent+Important first, Important not urgent scheduled, Urgent not important delegated, neither eliminated) or MoSCoW (Must/Should/Could/Won't). I communicate with stakeholders to validate urgency, break large tasks into smaller deliverables, and use time-boxing. I also flag risks early when deadlines conflict.",Problem Solving,Behavioral,Prioritization,Medium,Behavioral,Software Engineer|Frontend Developer|Backend Developer|Full Stack Developer|Data Scientist|Product Manager|QA Engineer,prioritization|Eisenhower Matrix|MoSCoW|urgent|important|stakeholder|time-boxing|delegation,Prioritization framework used|Stakeholder communication approach|Time-boxing technique|Risk flagging and transparency,60
67,Describe a time you made a mistake and how you handled it.,"When I [made specific mistake], I immediately [acknowledged it / flagged it to team]. I took responsibility by [specific actions: fixing, communicating, documenting]. I learned [lesson] and put in place [preventive measure: code review, test, process change] to prevent recurrence. The outcome was [result after recovery].",Integrity,Behavioral,Accountability,Medium,Behavioral,Software Engineer|Frontend Developer|Backend Developer|Full Stack Developer|Data Scientist|ML Engineer|DevOps Engineer|iOS Developer|Android Developer|QA Engineer|Product Manager,mistake|accountability|ownership|recovery|lesson|process improvement,Ownership and accountability shown|Specific corrective actions taken|Preventive measure implemented|Recovery outcome and learning,90
68,What is the difference between synchronous and asynchronous programming?,"Synchronous: code executes line by line, each statement waits for the previous to complete. Simple but blocks — I/O operations freeze the thread. Asynchronous: operations are initiated and control returns immediately; result handled via callbacks, promises, or async/await when complete. Enables concurrency without multiple threads. Key for: web servers (handling many concurrent requests), UI (keeping interface responsive during network calls), any I/O-bound operations.",Software Engineering,Backend Architecture,Async Programming,Easy,Technical,Software Engineer|Backend Developer|Frontend Developer|Full Stack Developer,synchronous|asynchronous|blocking|non-blocking|callback|promise|async|await|concurrent,Synchronous blocking execution|Asynchronous non-blocking with callback/promise|Practical use cases for async|Connection to single-threaded environments,90
69,What is a REST API rate limiting strategy?,"Rate limiting protects APIs from abuse and ensures fair usage. Strategies: Token Bucket (allows bursting), Sliding Window (accurate, distributed-safe), Fixed Window (simple but boundary-burst vulnerable). Implementation: Redis INCR + EXPIRE per client key (IP or API key). Headers: X-RateLimit-Limit, X-RateLimit-Remaining, X-RateLimit-Reset. Response: 429 Too Many Requests with Retry-After. Consider per-endpoint limits, per-org limits, and tiered plans.",System Design,Backend Architecture,API Rate Limiting,Medium,Technical,Backend Developer|Full Stack Developer|Software Engineer|DevOps Engineer|Cloud Engineer,rate limiting|token bucket|sliding window|Redis|INCR|EXPIRE|429|Retry-After|API key,Token bucket and sliding window algorithms|Redis implementation pattern|429 status code and Retry-After header|Per-client vs per-org granularity,120
70,How do you debug a memory leak in a web application?,"Memory leak indicators: increasing memory usage over time, OOM errors, degrading response times. Tools: Chrome DevTools Memory tab (heap snapshots, timeline), Node.js --inspect (clinic.js, memwatch-next), heap profiling. Common causes in JS: forgotten event listeners (add without removeEventListener), closures holding references, detached DOM nodes, global variables, setInterval without clearInterval. Fix: proper cleanup in componentWillUnmount / useEffect return, weak references (WeakMap/WeakSet), object pooling.",Performance,Frontend Architecture,Memory Management,Hard,Technical,Frontend Developer|Backend Developer|Full Stack Developer|Software Engineer,memory leak|heap snapshot|DevTools|event listener|closure|detached DOM|WeakMap|setInterval|cleanup,"Heap snapshot comparison approach|Event listener and closure leak causes|Proper cleanup patterns (unmount, effect return)|WeakMap/WeakSet for weak references",120
71,Explain the concept of eventual consistency in distributed databases.,"Eventual consistency: in the absence of updates, all replicas will converge to the same value eventually (but may diverge temporarily). Contrast with strong consistency (all reads see the latest write). Used by: DynamoDB, Cassandra, CouchDB. BASE model (Basically Available, Soft state, Eventually consistent) vs ACID. Read-your-writes consistency: a user always sees their own writes. Quorum reads/writes (R+W>N) achieves stronger consistency in eventually consistent systems.",Distributed Systems,System Design,Consistency Models,Hard,Technical,Backend Developer|Software Engineer|Cloud Engineer|Data Engineer,eventual consistency|strong consistency|replicas|BASE|ACID|DynamoDB|Cassandra|quorum|read-your-writes,Eventual consistency definition and convergence|Contrast with strong consistency|BASE vs ACID models|Quorum-based stronger consistency,120
72,What is a message queue? Compare RabbitMQ and Kafka.,"Message queues decouple producers from consumers, enabling async processing, load leveling, and fault tolerance. RabbitMQ: traditional message broker, push-based, messages deleted after consumption, routing via exchanges, good for task queues and RPC patterns. Kafka: distributed commit log, messages retained for configurable period, consumer-managed offsets, consumer groups for parallel processing, excellent for event streaming, audit trails, high throughput. Use RabbitMQ for transient task queues; Kafka for event streaming and replay.",System Design,Backend Architecture,Message Queues,Medium,Technical,Backend Developer|Software Engineer|DevOps Engineer|Data Engineer|Cloud Engineer,message queue|RabbitMQ|Kafka|producer|consumer|broker|event streaming|offset|consumer group|fault tolerance,Message queue decoupling benefit|RabbitMQ push-based task queue|Kafka log retention and replay|Consumer groups for parallel consumption,120
73,Explain Pandas DataFrames and common operations for data analysis.,"Pandas DataFrame is a 2D tabular data structure with labeled axes. Common operations: read_csv/read_sql for loading, head/tail/info/describe for exploration, loc/iloc for selection (label vs position), groupby for aggregation, merge/join for combining, apply for row/column functions, fillna/dropna for missing data, pivot_table for reshaping, sort_values, value_counts. Vectorized operations are much faster than Python loops — use them instead of iterrows.",Python,Data Analysis,Pandas,Easy,Technical,Data Scientist|Data Engineer|ML Engineer|Backend Developer,Pandas|DataFrame|groupby|merge|pivot_table|loc|iloc|fillna|dropna|vectorized,DataFrame selection with loc vs iloc|groupby aggregation operations|Missing data handling (fillna/dropna)|Vectorized operations vs iterrows performance,90
74,What is feature engineering in machine learning?,"Feature engineering transforms raw data into informative features that improve model performance. Techniques: encoding categorical variables (one-hot, label encoding, target encoding), scaling (StandardScaler, MinMaxScaler), binning continuous values, creating interaction features (feature1 * feature2), time-based features (day of week, hour, lag features), log transforms for skewed distributions, TF-IDF for text, PCA for dimensionality reduction. Domain knowledge crucial for meaningful feature creation.",Machine Learning,ML Fundamentals,Feature Engineering,Medium,Technical,Data Scientist|ML Engineer,feature engineering|one-hot encoding|StandardScaler|PCA|TF-IDF|interaction features|dimensionality reduction|target encoding,Categorical variable encoding approaches|Numerical feature scaling methods|Dimensionality reduction with PCA|Domain-driven feature creation,120
75,What is transfer learning in deep learning?,"Transfer learning uses a pre-trained model (trained on large dataset like ImageNet or a large text corpus) as a starting point, then fine-tunes on a smaller domain-specific dataset. Benefits: dramatically reduces training data required, faster training, often better generalization. Common approaches: Feature extraction (freeze pretrained layers, train new head), Fine-tuning (unfreeze top layers, train with small learning rate). Examples: BERT/GPT for NLP tasks, ResNet/EfficientNet for computer vision, Whisper for speech recognition.",Machine Learning,Deep Learning,Transfer Learning,Medium,Technical,Data Scientist|ML Engineer|Software Engineer,transfer learning|fine-tuning|pre-trained|BERT|GPT|ResNet|ImageNet|feature extraction|frozen layers,Transfer learning vs training from scratch|Feature extraction vs fine-tuning approach|Required data reduction benefit|Domain-specific adaptation,120
76,What is Infrastructure as Code (IaC)? Name common tools.,"IaC manages infrastructure through machine-readable config files rather than manual processes. Benefits: version control for infrastructure, reproducible environments, automated provisioning, drift detection, collaboration via code review. Tools: Terraform (cloud-agnostic, HCL, state management, plan/apply workflow), Pulumi (general-purpose languages), AWS CloudFormation (AWS-native, YAML/JSON), Ansible (configuration management + provisioning, agentless, YAML playbooks), Chef/Puppet (agent-based config management). Immutable infrastructure: replace rather than modify.",DevOps,Infrastructure,IaC,Medium,Technical,DevOps Engineer|Cloud Engineer|Backend Developer|Software Engineer,IaC|Terraform|Ansible|CloudFormation|Pulumi|HCL|idempotent|drift|state|immutable infrastructure,IaC benefits over manual provisioning|Terraform plan/apply workflow|Ansible agentless configuration management|Immutable infrastructure concept,90
77,What is a data pipeline and how would you build one?,"A data pipeline moves data from source to destination through stages: Extract (DB, API, files, streams), Transform (clean, enrich, aggregate, validate), Load (DW, data lake, feature store). Tools: Batch (Apache Spark, dbt), Streaming (Apache Kafka + Flink/Spark Streaming), Orchestration (Apache Airflow, Prefect, Dagster), Storage (S3, GCS, HDFS, Snowflake, BigQuery). Key concerns: schema evolution, backfilling, monitoring, idempotency, lineage tracking.",Data Engineering,Data Architecture,Data Pipelines,Medium,Technical,Data Engineer|Backend Developer|Software Engineer|Data Scientist,data pipeline|ETL|ELT|Spark|Kafka|Airflow|dbt|BigQuery|Snowflake|idempotency|lineage,ETL/ELT stage definitions|Batch vs streaming processing tools|Orchestration for scheduling and monitoring|Idempotency in pipeline runs,120
78,What is a binary search algorithm and when should you use it?,"Binary search halves the search space each step: check middle element, if target < middle go left, if target > middle go right. Time O(log N), Space O(1). Requires sorted input. Use when: searching in sorted arrays, finding insertion points, searching for boundaries (first/last occurrence of value). Python: bisect module. Variations: finding first occurrence (leftmost), finding last occurrence, searching in rotated sorted array.",Computer Science,Algorithms,Search Algorithms,Easy,Technical,Software Engineer|Backend Developer|Full Stack Developer|Data Scientist,binary search|O(log N)|sorted|bisect|leftmost|rightmost|boundary,Binary search halving mechanism|O(log N) complexity|Sorted input requirement|Finding boundaries (first/last occurrence),60
79,Explain what happens when you type a URL in the browser and press Enter.,"1. Browser checks cache (memory → disk → OS). 2. DNS resolution (browser cache → OS cache → resolver → root nameserver → TLD → authoritative NS). 3. TCP connection (3-way handshake: SYN, SYN-ACK, ACK). 4. TLS handshake (if HTTPS: certificate exchange, key agreement, session establishment). 5. HTTP request (GET / HTTP/1.1 or HTTP/2). 6. Server processes, returns response. 7. Browser parses HTML → Critical Rendering Path (DOM, CSSOM, layout, paint). 8. JS executed, subsequent resources fetched.",Networking,Web Architecture,Browser Internals,Medium,Technical,Software Engineer|Frontend Developer|Backend Developer|Full Stack Developer,DNS|TCP|TLS|HTTP|cache|SYN|handshake|Critical Rendering Path|HTTPS,DNS resolution steps|TCP 3-way handshake|TLS handshake purpose|Critical rendering path stages,120
80,What is a linked list? Compare to arrays.,"Linked list: nodes with data + pointer to next node (singly) or next+prev (doubly). No random access (must traverse), O(N) access by index. Insertions/deletions at head O(1), at tail O(1) for doubly linked. Arrays: contiguous memory, O(1) random access by index, O(N) insertion/deletion in middle (shift elements). Use linked list when: frequent insertions/deletions at arbitrary positions, unknown size, implementing queues/deques. Use arrays for: random access, cache-friendly iteration, known size.",Computer Science,Data Structures,Linked Lists,Easy,Technical,Software Engineer|Backend Developer|Full Stack Developer|Data Scientist,linked list|singly linked|doubly linked|O(1)|O(N)|random access|contiguous memory|pointer,Linked list node structure|O(1) head/tail insertion vs O(N) for arrays|O(N) access vs O(1) for arrays|Use case selection criteria,90
81,What are design patterns? Explain Singleton and Observer.,"Design patterns are reusable solutions to common software design problems (GoF: Gang of Four). Creational: Singleton (one instance, global access — use carefully, global state is a code smell), Factory (create objects without specifying exact class), Builder (complex object construction step by step). Structural: Adapter, Decorator, Facade. Behavioral: Observer (subject maintains list of observers, notifies on state change — event systems, MVC), Strategy (interchangeable algorithms), Command. Anti-patterns to avoid: Singleton abuse, God Object.",Software Engineering,Object Oriented Design,Design Patterns,Medium,Technical,Software Engineer|Backend Developer|Full Stack Developer|Frontend Developer,design patterns|Singleton|Observer|Factory|Builder|Decorator|Strategy|GoF|behavioral|creational,GoF pattern category overview|Singleton purpose and risks|Observer pattern mechanics|Strategy pattern for algorithm interchangeability,90
82,What is idempotency in API design and why is it important?,"An idempotent operation produces the same result regardless of how many times it's executed (same request = same server state). HTTP: GET, PUT, DELETE are idempotent; POST is not. Importance: enables safe retries (network failures, timeouts), prevents duplicate operations (double-charge, duplicate order). Implementation: idempotency keys (client generates UUID per request, server deduplicates by key stored with TTL). Critical for: payment APIs, order creation, any state-changing operations on flaky networks.",System Design,API Design,Idempotency,Medium,Technical,Backend Developer|Full Stack Developer|Software Engineer|Cloud Engineer,idempotency|idempotent|POST|PUT|DELETE|UUID|retry|duplicate|payment API,Idempotency definition and HTTP method mapping|Retry safety for network failures|Idempotency key implementation|Deduplication storage and TTL,90
83,How would you debug a slow SQL query?,"Step 1: EXPLAIN ANALYZE to see query plan (seq scan vs index scan, estimated vs actual rows, bottleneck operations). Step 2: Check missing indexes on WHERE/JOIN/ORDER BY columns. Step 3: Look for N+1 queries (ORM issues — use eager loading). Step 4: Rewrite with CTEs or subquery optimization. Step 5: Check table statistics (ANALYZE). Step 6: Partition large tables. Step 7: Read replicas for reporting queries. Step 8: Caching frequently-queried, rarely-changing data.",Databases,Database Optimization,Query Optimization,Hard,Technical,Backend Developer|Database Administrator|Full Stack Developer|Software Engineer|Data Engineer,EXPLAIN ANALYZE|query plan|index|N+1|ORM|CTE|partition|read replica|cache|statistics,EXPLAIN ANALYZE interpretation|Index identification for slow queries|N+1 query pattern and resolution|Read replica and caching strategies,120
84,What is serverless computing? What are its trade-offs?,"Serverless (FaaS): deploy functions without managing servers. Provider handles scaling, OS, runtime. AWS Lambda, Google Cloud Functions, Vercel Functions. Benefits: automatic scaling (including to zero), pay-per-invocation, no server management, fast deployment. Trade-offs: cold start latency (100ms-3s for first invocation), execution time limits, vendor lock-in, stateless (external state store required), harder to debug locally, limited compute resources. Best for: event-driven APIs, webhooks, background processing, low-traffic endpoints.",Cloud,Infrastructure,Serverless,Medium,Technical,Cloud Engineer|Backend Developer|DevOps Engineer|Full Stack Developer|Software Engineer,serverless|FaaS|Lambda|cold start|auto-scaling|pay-per-invocation|stateless|vendor lock-in,Serverless function invocation model|Cold start latency impact|Stateless constraint and external state|Cost model and auto-scaling to zero,90
85,Explain OAuth 2.0 authorization flows.,"OAuth 2.0 is an authorization framework for delegated access. Main flows: Authorization Code (web apps — code exchanged server-side for tokens, safest), PKCE extension for SPAs and mobile (code verifier prevents auth code interception), Client Credentials (machine-to-machine, no user), Device Code (TVs, CLI tools, devices without browser). Tokens: access_token (short-lived, sent with API calls), refresh_token (long-lived, exchange for new access_token). OIDC adds ID token (user identity) on top of OAuth2.",Security,Backend Architecture,OAuth,Hard,Technical,Backend Developer|Full Stack Developer|Software Engineer|Security Engineer,OAuth2|authorization code|PKCE|client credentials|access token|refresh token|OIDC|delegated access,Authorization Code flow for web apps|PKCE for public clients (SPA/mobile)|Client Credentials for M2M|Access token vs refresh token roles,120
86,What is a stack overflow? How do you avoid it?,"Stack overflow occurs when function call depth exceeds the call stack size limit — typically from infinite or deep recursion without a base case. Causes: missing base case, mutual recursion, very deep data structures. Solutions: add/fix base case, convert recursion to iteration (use explicit stack), tail call optimization (TCO — some languages optimize tail-recursive calls into iteration), increase stack size (last resort). Python default recursion limit: 1000 (sys.setrecursionlimit).",Computer Science,Data Structures,Stack,Easy,Technical,Software Engineer|Backend Developer|Full Stack Developer|Data Scientist,stack overflow|recursion|call stack|base case|tail call|TCO|iterative|sys.setrecursionlimit,Stack overflow definition and cause|Missing base case as primary cause|Iteration as recursion replacement|Tail call optimization concept,60
87,What is eventual consistency vs strong consistency? Give an example.,"Strong consistency: every read returns the most recent write (like traditional RDBMS with ACID). All nodes see the same data simultaneously. Latency trade-off. Eventual consistency: reads may return stale data temporarily, but all nodes converge to the same value eventually. Better performance/availability. Examples: Strong — bank balance (must be accurate). Eventual — social media likes count (brief staleness acceptable), DNS propagation (minutes to propagate globally), shopping cart (brief inconsistency tolerable).",Distributed Systems,System Design,Consistency,Medium,Technical,Backend Developer|Software Engineer|Cloud Engineer|Data Engineer,strong consistency|eventual consistency|ACID|staleness|convergence|DNS|bank|availability|CAP,Strong consistency guarantee and latency cost|Eventual consistency convergence|Real-world example for each type|CAP theorem relationship,90
88,Explain how you would build a search feature with autocomplete.,"Search: index data in Elasticsearch/OpenSearch or PostgreSQL full-text search (tsvector, GIN index). Query: match/multi-match for relevance scoring. Autocomplete: use edge n-gram tokenizer (indexes prefixes) or search_as_you_type field type. As-you-type: debounce client requests (300ms), abort previous request if new one starts. Redis cache popular queries. Pagination: search_after (cursor-based). Highlight matching terms in results. For fuzzy matching: Levenshtein distance (fuzziness parameter).",System Design,Backend Architecture,Search,Medium,Technical,Backend Developer|Full Stack Developer|Software Engineer,Elasticsearch|autocomplete|n-gram|debounce|full-text search|GIN index|fuzzy|Levenshtein|search_after,Full-text search indexing approach|Edge n-gram for prefix autocomplete|Client-side debouncing|Fuzzy matching for typo tolerance,120
89,What is CORS and how does it work?,"CORS (Cross-Origin Resource Sharing) is a browser security mechanism restricting cross-origin HTTP requests. A 'cross-origin' request is to a different domain, port, or protocol. Preflight: browser sends OPTIONS request to check server's CORS policy. Server responds with Access-Control-Allow-Origin, Access-Control-Allow-Methods, Access-Control-Allow-Headers. Simple requests (GET/POST with simple headers) skip preflight. Fix: set appropriate CORS headers in server or API gateway. Never use wildcard (*) with credentials.",Web Security,Backend Architecture,CORS,Easy,Technical,Backend Developer|Full Stack Developer|Software Engineer|Frontend Developer,CORS|cross-origin|preflight|OPTIONS|Access-Control-Allow-Origin|Same-Origin Policy|credentials|wildcard,Same-Origin Policy and CORS purpose|Preflight OPTIONS request trigger|CORS response headers configuration|Wildcard restriction with credentials,90
90,Describe how you would implement a feature flag system.,"Feature flags (feature toggles) enable deploying code without activating it. Implementation: flags stored in Redis/DB with flag name + on/off + targeting rules (% of users, specific user IDs, org IDs). Middleware/SDK checks flag before feature code runs. Types: Release toggles (gradual rollout), Experiment toggles (A/B test), Ops toggles (kill switch), Permission toggles (user tiers). Tools: LaunchDarkly, Unleash, PostHog, AWS AppConfig. Cleanup: remove flags after full rollout to avoid tech debt.",System Design,Software Engineering,Feature Flags,Medium,Technical,Software Engineer|Backend Developer|Full Stack Developer|DevOps Engineer,feature flag|feature toggle|gradual rollout|A/B test|kill switch|LaunchDarkly|Unleash|targeting rules,"Feature flag types (release, experiment, ops)|Targeting rules for gradual rollout|Kill switch for emergency disable|Flag cleanup after full rollout",90
91,"Given an array of integers, find two numbers that sum to a target. Optimize to O(n).","Naive: O(N²) nested loops. Optimal: Hash set approach O(N) — iterate array, for each number check if (target - number) exists in the set. If yes, found pair. Else, add number to set. Single pass, O(N) time, O(N) space. Alternative: Sort + two pointers O(N log N) time, O(1) space — left pointer at start, right at end, move based on sum comparison.",Computer Science,DSA,Two Sum,Easy,DSA,Software Engineer|Backend Developer|Full Stack Developer|Data Scientist,two sum|hash set|hash map|two pointers|O(N)|O(N log N)|complement,Hash set O(N) single-pass approach|Two-pointer O(N log N) alternative|Space vs time trade-off|Complement calculation pattern,120
92,Implement a function to check if a string is a palindrome.,"A palindrome reads the same forwards and backwards. Simple: compare s == s[::-1] (Python). O(N) time/space. Optimized: two pointers — one at start, one at end, compare characters, move inward. O(N) time, O(1) space. Edge cases: empty string (true), single char (true), case sensitivity, ignore spaces/punctuation (clean first). Recursive: base case length 0 or 1, check first == last, recurse on middle.",Computer Science,DSA,String Algorithms,Easy,DSA,Software Engineer|Backend Developer|Frontend Developer|Full Stack Developer,palindrome|two pointers|string|reverse|O(N)|edge cases,Palindrome definition|Two-pointer O(1) space approach|Python reversal shortcut|Edge case handling,60
93,Find the maximum subarray sum (Kadane's algorithm).,"Kadane's algorithm: iterate array tracking current_sum and max_sum. current_sum = max(num, current_sum + num) — either extend previous subarray or start new one at current element. max_sum = max(max_sum, current_sum). O(N) time, O(1) space. Handles all-negative arrays (return max element). Variation: also track start/end indices of max subarray. Brute force O(N²) or O(N³) — avoid.",Computer Science,DSA,Dynamic Programming,Medium,DSA,Software Engineer|Backend Developer|Full Stack Developer|Data Scientist,Kadane|maximum subarray|DP|current_sum|max_sum|O(N)|negative numbers,Kadane's algorithm decision at each element|O(N) single-pass with O(1) space|All-negative array edge case|Index tracking for subarray bounds,90
94,Implement a function to reverse a linked list.,"Iterative (O(N) time, O(1) space): use three pointers — prev=None, curr=head, next_node. For each node: save next_node=curr.next, set curr.next=prev, advance prev=curr, curr=next_node. Return prev as new head. Recursive: base case if not head or not head.next return head. new_head = reverse(head.next), head.next.next = head, head.next = None. Return new_head. O(N) time, O(N) stack space.",Computer Science,DSA,Linked Lists,Easy,DSA,Software Engineer|Backend Developer|Full Stack Developer,reverse linked list|pointer|iterative|recursive|O(N)|O(1)|prev|curr|next,Three-pointer iterative approach|Pointer reassignment sequence|Recursive approach base case|Space complexity comparison,90
95,What is a valid parentheses problem? Solve it with a stack.,"Valid parentheses: check if string of brackets is correctly matched and nested. Stack solution: iterate characters. If opening bracket ({[() → push to stack. If closing bracket → check stack is not empty AND top of stack is matching open bracket. If match: pop. Else: return False. After iteration: stack must be empty. O(N) time, O(N) space. Edge cases: empty string (true), only closing brackets, mismatched types.",Computer Science,DSA,Stack,Easy,DSA,Software Engineer|Backend Developer|Full Stack Developer,parentheses|stack|matching brackets|push|pop|O(N)|valid,Stack push for opening brackets|Matching check for closing brackets|Empty stack validation at end|Edge case: mismatched types,60
97,How do you detect a cycle in a linked list?,"Floyd's Cycle Detection (Tortoise and Hare): two pointers, slow moves 1 step, fast moves 2 steps. If they meet, cycle exists. O(N) time, O(1) space. To find cycle start: after meeting, reset slow to head, both move 1 step — they meet at cycle start. Hash set approach: store visited nodes, check if current node already in set — O(N) time, O(N) space.",Computer Science,DSA,Linked Lists,Medium,DSA,Software Engineer|Backend Developer|Full Stack Developer,cycle detection|Floyd|tortoise and hare|slow|fast|O(N)|O(1)|cycle start,Floyd's two-pointer algorithm|O(1) space advantage|Cycle start detection after meeting|Hash set as O(N) space alternative,90
98,Implement a binary search function.,"Iterative: left=0, right=len(arr)-1. While left <= right: mid = left + (right-left)//2. If arr[mid] == target: return mid. If arr[mid] < target: left=mid+1. Else: right=mid-1. Return -1. Use (right-left)//2 not (left+right)//2 to prevent integer overflow. O(log N) time, O(1) space. Recursive: base case left>right return -1, otherwise compare mid.",Computer Science,DSA,Search Algorithms,Easy,DSA,Software Engineer|Backend Developer|Full Stack Developer|Data Scientist,binary search|left|right|mid|O(log N)|overflow|iterative|recursive,Iterative binary search implementation|Integer overflow prevention with (right-left)//2|O(log N) complexity|Recursive vs iterative choice,60
99,What is a trie data structure and when would you use it?,"A trie (prefix tree) is a tree where each node represents a character in a string. Root is empty. Path from root to a node spells out a prefix. TrieNode has children[26] (or dict) + is_end_of_word. Insert O(L), Search O(L), StartsWith O(L) where L = word length. Applications: autocomplete (all words with prefix), spell checking, IP routing (longest prefix match), contact search. Better than hash table for prefix queries.",Computer Science,DSA,Trees,Medium,DSA,Software Engineer|Backend Developer|Full Stack Developer,trie|prefix tree|autocomplete|TrieNode|children|is_end_of_word|O(L)|prefix,Trie node structure with children and end marker|O(L) insert and search operations|Prefix query advantage over hash table|Autocomplete and spell-check applications,90
100,Explain how merge sort works and implement it.,"Merge sort is divide-and-conquer: divide array in half recursively until single elements, then merge sorted halves. Merge: compare left[i] vs right[j], append smaller to result, append remainder. O(N log N) time always (best/average/worst), O(N) space for merge operation. Stable sort (equal elements maintain relative order). Used in Python's Timsort (hybrid merge sort + insertion sort). Best for: linked lists (O(1) extra space with in-place merge), external sorting (huge datasets).",Computer Science,DSA,Sorting Algorithms,Medium,DSA,Software Engineer|Backend Developer|Full Stack Developer|Data Scientist,merge sort|divide and conquer|O(N log N)|stable|Timsort|merge|O(N) space,Divide-and-conquer recursion|Merge step comparing and combining|O(N log N) stable sort guarantee|Space complexity and linked list advantage,90
101,How does Quick Sort work? What is its average and worst case?,"Quick sort: choose pivot, partition array so elements < pivot are left, > pivot are right. Recursively sort partitions. In-place, O(log N) average stack space. Pivot strategies: last element (bad for sorted arrays — O(N²)), random pivot (avoids worst case), median-of-three. Average O(N log N), Worst case O(N²) for sorted/reverse-sorted arrays with bad pivot. In practice faster than merge sort due to cache efficiency (in-place, better locality).",Computer Science,DSA,Sorting Algorithms,Medium,DSA,Software Engineer|Backend Developer|Full Stack Developer|Data Scientist,quick sort|pivot|partition|O(N log N)|O(N²)|random pivot|median of three|in-place,Pivot selection and partition mechanics|Average vs worst case analysis|Pivot strategy to avoid O(N²)|Cache efficiency advantage,90
102,What is the Product Manager's role in an agile team?,"A PM defines the product vision, manages the backlog, writes user stories, prioritizes features based on business value and user needs. Works with: Engineering (feasibility, estimates), Design (UX), Business stakeholders (alignment), Customers (discovery). Ceremonies: backlog grooming, sprint planning (prioritize what gets built), sprint reviews (demo), retrospectives. Key outputs: PRD (Product Requirements Document), roadmap, acceptance criteria, success metrics (OKRs/KPIs).",Product Management,Behavioral,PM Role,Easy,Behavioral,Product Manager,PM|backlog|user story|sprint|roadmap|OKR|KPI|PRD|stakeholder|prioritization,Product vision and backlog ownership|Stakeholder collaboration scope|Agile ceremony participation|Success metrics and OKR definition,90
103,How do you measure the success of a product feature?,"Define success metrics before shipping: primary metric (e.g., task completion rate, retention), secondary metrics (time-on-task, error rate), guardrail metrics (churn, NPS — ensure feature doesn't harm these). Use A/B testing for comparison. Track funnel drop-off. Qualitative: user interviews, session recordings. Success indicators: adoption rate, engagement, support ticket reduction, revenue impact. Monitor for 2-4 weeks post-launch.",Product Management,Behavioral,Product Metrics,Medium,Behavioral,Product Manager|Data Scientist,success metrics|A/B test|adoption|retention|NPS|funnel|OKR|guardrail metrics,Pre-launch metric definition|Primary vs guardrail metrics distinction|A/B test for causal comparison|Qualitative + quantitative combination,90
104,What is Agile and how does Scrum work?,"Agile is an iterative development methodology valuing: individuals over processes, working software over documentation, customer collaboration over contract negotiation, responding to change over following a plan. Scrum framework: Product Owner (backlog, priorities), Scrum Master (removes blockers, facilitates), Development Team (self-organizing). Sprints: 1-4 week cycles with planning, daily standups, review, retrospective. Artifacts: backlog (product + sprint), definition of done, burndown chart.",Software Engineering,Behavioral,Agile/Scrum,Easy,Behavioral,Software Engineer|Frontend Developer|Backend Developer|Full Stack Developer|QA Engineer|Product Manager|DevOps Engineer,Agile|Scrum|sprint|Product Owner|Scrum Master|backlog|standup|retrospective|definition of done,"Agile manifesto values|Scrum roles (PO, SM, Dev Team)|Sprint structure and ceremonies|Artifacts: backlog and burndown chart",90
105,How do you ensure quality in your code?,"Code quality practices: Code reviews (peer review, at least 1 approver), automated testing (unit + integration + E2E), static analysis (ESLint, PyFlakes, SonarQube), type checking (TypeScript, mypy), consistent code style (Prettier, Black), CI gates (tests must pass before merge), SOLID principles, refactoring (boy scout rule), documentation (docstrings, README), performance profiling for critical paths.",Software Engineering,Behavioral,Code Quality,Medium,Behavioral,Software Engineer|Frontend Developer|Backend Developer|Full Stack Developer|QA Engineer,code review|unit test|static analysis|CI|SOLID|refactoring|documentation|TypeScript|linting,Code review process|Automated test coverage|Static analysis tools|CI pipeline quality gates,60
106,Explain the difference between supervised and unsupervised learning.,"Supervised learning: learns from labeled examples (input → output pairs). Types: Classification (predict category: spam/not-spam), Regression (predict continuous value: price). Algorithms: Linear/Logistic Regression, Decision Trees, Random Forest, SVM, Neural Networks. Unsupervised learning: finds patterns in unlabeled data. Types: Clustering (k-means, DBSCAN, hierarchical), Dimensionality Reduction (PCA, t-SNE, UMAP), Anomaly Detection, Generative Models (GANs, VAEs). Semi-supervised: combines labeled + unlabeled data.",Machine Learning,ML Fundamentals,Learning Types,Easy,Technical,Data Scientist|ML Engineer|Software Engineer,supervised|unsupervised|classification|regression|clustering|labeled|PCA|t-SNE|semi-supervised,Supervised learning with labeled data|Classification vs regression distinction|Unsupervised pattern discovery|Clustering and dimensionality reduction examples,90
107,What is a neural network and how does backpropagation work?,"A neural network has layers of interconnected neurons: input layer, hidden layers, output layer. Each neuron computes weighted_sum of inputs + bias, applies activation function (ReLU, sigmoid, tanh, softmax). Forward pass: compute predictions. Loss function measures error. Backpropagation: compute gradient of loss w.r.t. each weight using chain rule (dL/dw = dL/dy * dy/dw). Gradient descent updates weights to minimize loss. Deep learning = neural nets with many hidden layers.",Machine Learning,Deep Learning,Neural Networks,Hard,Technical,Data Scientist|ML Engineer|Software Engineer,neural network|backpropagation|gradient|chain rule|activation function|ReLU|loss function|forward pass|weights,Forward pass computation|Loss function and error measurement|Backpropagation chain rule|Gradient descent weight update,120
108,What are the principles of good API design?,"Good API design: consistency (naming conventions, response formats), intuitiveness (predictable URLs, verbs match HTTP semantics), versioning (/v1/ prefix), proper status codes (200, 201, 400, 401, 403, 404, 422, 429, 500), meaningful error messages (error code, message, field), pagination for collections, filtering and sorting params, idempotency for mutations, authentication (Bearer token/API key), rate limiting, documentation (OpenAPI/Swagger), HATEOAS for discoverability.",System Design,API Design,API Best Practices,Medium,Technical,Backend Developer|Full Stack Developer|Software Engineer,API design|REST|versioning|status codes|error messages|pagination|idempotency|OpenAPI|Swagger,Consistent naming and URL structure|Proper HTTP status code usage|Meaningful error response format|Versioning and documentation,90
109,How do you approach system design for a large-scale application?,"Approach: 1) Clarify requirements (functional + non-functional: scale, latency, consistency). 2) Estimate scale (QPS, storage, bandwidth). 3) High-level design (components, data flow). 4) Deep dive (DB schema, API design, caching strategy, message queues). 5) Identify bottlenecks (where will it fail at scale?). 6) Discuss trade-offs. Key patterns: sharding, caching, CDN, async processing, microservices, load balancing, circuit breaker. Always state assumptions explicitly.",System Design,System Design,System Design Process,Hard,Technical,Software Engineer|Backend Developer|Full Stack Developer|Cloud Engineer,system design|QPS|sharding|caching|CDN|microservices|load balancing|circuit breaker|trade-offs,Requirements clarification first|Scale estimation approach|Bottleneck identification|Trade-off discussion,180
110,What is the CAP theorem? How does it affect your database choice?,"CAP: Consistency (reads return latest write), Availability (every request gets response), Partition Tolerance (works despite network failure). Must sacrifice one when partitioned. Real choice: CP vs AP. CP systems (PostgreSQL, MongoDB, HBase) prioritize consistency — return error if cannot guarantee fresh data. AP systems (Cassandra, DynamoDB, CouchDB) prioritize availability — return potentially stale data. Stateless apps: prefer AP for resilience. Financial transactions: require CP/ACID.",Distributed Systems,System Design,Database Selection,Hard,Technical,Backend Developer|Software Engineer|Cloud Engineer|Data Engineer|Database Administrator,CAP|consistency|availability|partition tolerance|PostgreSQL|Cassandra|DynamoDB|ACID|BASE,CAP properties and partition tolerance reality|CP vs AP practical choice|Database examples for each|Use case matching to consistency requirements,120
111,What is React.memo and when should you use it?,"React.memo is a higher-order component that memoizes a functional component — prevents re-render if props haven't changed (shallow comparison). Use when: component renders frequently, props rarely change, rendering is expensive. Don't overuse — memoization has overhead (comparison cost). Combine with useCallback for function props and useMemo for object/array props (prevent new reference on each render). Use React DevTools Profiler to identify unnecessarily re-rendering components before optimizing.",React,Frontend Architecture,Performance Optimization,Medium,Technical,Frontend Developer|Full Stack Developer|Software Engineer,React.memo|memoization|re-render|shallow comparison|useCallback|useMemo|props|Profiler|optimization,React.memo shallow comparison mechanism|When memoization is beneficial|useCallback and useMemo combination|Profiler-guided optimization approach,90
112,How does PostgreSQL implement ACID transactions?,"Atomicity: WAL (Write-Ahead Log) — all changes logged before applied; on crash, roll back uncommitted transactions. Consistency: constraints (FK, CHECK, UNIQUE) enforced before commit. Isolation: MVCC (Multi-Version Concurrency Control) — readers don't block writers; each transaction sees a snapshot. Isolation levels: Read Committed (default), Repeatable Read, Serializable. Durability: fsync writes WAL to disk before acknowledging commit.",Databases,Database Architecture,PostgreSQL Internals,Hard,Technical,Backend Developer|Database Administrator|Full Stack Developer|Software Engineer,PostgreSQL|ACID|WAL|MVCC|isolation|atomicity|consistency|durability|transaction|fsync,WAL for atomicity and crash recovery|MVCC for reader-writer non-blocking|Isolation levels in PostgreSQL|fsync for durability guarantee,120
113,What is a closure in JavaScript?,"A closure is a function that retains access to its outer (enclosing) scope's variables even after the outer function has returned. Created whenever a function is defined inside another function. Common uses: data privacy (module pattern), factory functions, event handlers with captured state, memoization, partial application/currying. Memory consideration: closures prevent garbage collection of captured variables — can cause memory leaks if not managed.",JavaScript,Software Engineering,Closures,Medium,Technical,Frontend Developer|Full Stack Developer|Software Engineer,closure|scope|lexical scope|outer function|captured variable|module pattern|factory function|currying,"Closure as function retaining outer scope|Lexical scoping mechanism|Practical use cases (privacy, factory)|Memory leak risk from retained references",90
114,What is a deadlock in databases and how does PostgreSQL handle it?,"Database deadlock: two transactions each wait for a lock held by the other — circular dependency. PostgreSQL detects deadlocks by running a deadlock detection algorithm periodically (default 1 second). When detected, PostgreSQL chooses the 'lighter' transaction to abort (returning a deadlock error to the client). Client should: catch error, retry transaction. Prevention: acquire locks in consistent global order, minimize transaction duration, use SELECT FOR UPDATE NOWAIT/SKIP LOCKED for non-blocking patterns.",Databases,Database Architecture,Concurrency Control,Hard,Technical,Backend Developer|Database Administrator|Full Stack Developer|Software Engineer,deadlock|transaction|lock|circular dependency|detection|abort|retry|SELECT FOR UPDATE|NOWAIT,Deadlock circular wait definition|PostgreSQL detection and victim selection|Client retry pattern|Prevention via lock ordering,120
115,What is the Observer pattern and how is it implemented in JavaScript?,"Observer pattern: subject maintains a list of observers (subscribers), notifies them on state change. JavaScript: EventEmitter (Node.js), addEventListener (DOM events), custom implementation with subscribe/publish/unsubscribe. Modern variants: RxJS Observable (reactive streams), Redux store (subscribers via subscribe()), React context + useReducer. Key advantage: loose coupling — subject and observers don't know each other's implementation. Risk: too many subscribers or forgotten unsubscription → memory leaks.",Software Engineering,Object Oriented Design,Design Patterns,Medium,Technical,Frontend Developer|Backend Developer|Full Stack Developer|Software Engineer,Observer|EventEmitter|subscribe|publish|unsubscribe|RxJS|event driven|loose coupling,Observer pattern structure (subject/observer)|JavaScript EventEmitter implementation|Memory leak from forgotten unsubscription|Modern variants: RxJS and Redux store,90
116,How would you design a real-time collaborative document editor (like Google Docs)?,"Core challenges: conflict resolution for concurrent edits, real-time sync. Approaches: Operational Transformation (OT) — Google Docs approach, transforms concurrent operations to be compatible. CRDTs (Conflict-free Replicated Data Types) — merge concurrent changes without coordination, offline-first. Architecture: WebSocket for real-time sync, Redis Pub/Sub for broadcasting changes, operational history for undo/redo, snapshot + incremental operations for persistence. Client-side: optimistic updates for responsiveness.",System Design,System Design,Collaborative Systems,Hard,Technical,Software Engineer|Backend Developer|Full Stack Developer,collaborative editing|OT|CRDT|WebSocket|Redis Pub/Sub|conflict resolution|operational transformation|optimistic update,OT vs CRDT conflict resolution approaches|WebSocket for real-time bidirectional sync|Redis Pub/Sub for change broadcasting|Optimistic updates for perceived performance,180
117,What is a Bloom filter and when would you use it?,"A Bloom filter is a space-efficient probabilistic data structure for testing set membership. Uses bit array + multiple hash functions. Insert: hash item with k functions, set those k bits to 1. Query: check all k bits — if any 0, definitely not in set; if all 1, probably in set (false positive possible). No false negatives. No deletion (standard). Use cases: cache negative lookups (before expensive DB query), email spam filters, Cassandra's SSTable lookup, Bitcoin nodes filtering transactions, Chrome's safe browsing. Trade-off: space vs false positive rate.",Computer Science,Data Structures,Probabilistic,Hard,Technical,Software Engineer|Backend Developer|Full Stack Developer|Data Scientist|Data Engineer,Bloom filter|probabilistic|false positive|bit array|hash function|cache|membership,"Bloom filter bit array and hash function mechanics|False positive vs false negative guarantees|Space efficiency trade-off|Practical use cases (cache, spam, Cassandra)",90
118,Explain database sharding and its strategies.,"Sharding horizontally partitions data across multiple databases to scale beyond single-machine limits. Strategies: Range sharding (e.g., user_id 1-1M shard 1, 1M-2M shard 2 — hotspot risk for sequential IDs), Hash sharding (hash(key) % N — even distribution, but resharding costly), Directory sharding (lookup table maps key to shard — flexible, lookup table is bottleneck). Challenges: cross-shard queries, joins impossible across shards, distributed transactions, resharding without downtime (consistent hashing minimizes data movement).",Databases,Database Architecture,Sharding,Hard,Technical,Backend Developer|Database Administrator|Cloud Engineer|Software Engineer,sharding|horizontal partitioning|range sharding|hash sharding|consistent hashing|resharding|hotspot|cross-shard,Sharding definition and horizontal scaling|Range vs hash vs directory strategies|Hotspot and resharding challenges|Consistent hashing for minimal data movement,120
119,What is a product roadmap and how do you build one?,"A roadmap communicates product direction and planned features over time. Building process: collect inputs (user research, sales requests, support tickets, strategy), prioritize (RICE: Reach, Impact, Confidence, Effort; or ICE: Impact, Confidence, Ease), group into themes/epics, map to time horizons (Now/Next/Later or quarters). Formats: Gantt-style (dates), Goal-based (outcomes not features). Roadmaps are living documents — revise with new information. Communicate 'why' not just 'what'.",Product Management,Behavioral,Product Roadmap,Medium,Behavioral,Product Manager,roadmap|RICE|ICE|prioritization|epic|theme|timeline|stakeholder|Now/Next/Later,Input collection methods|RICE/ICE prioritization frameworks|Time horizon structuring|Outcome-based vs feature-based format,90
120,What is the difference between vertical and horizontal scaling?,"Vertical scaling (scale-up): add more CPU/RAM/storage to existing server. Simple, no app changes, but limited by hardware ceiling and single point of failure. Horizontal scaling (scale-out): add more servers, distribute load. No single hardware limit, fault tolerant, requires stateless app design (session in Redis not in memory). Requires load balancer. Databases: vertical up to a point, then read replicas + sharding for horizontal. Microservices enable independent horizontal scaling per service.",System Design,Infrastructure,Scalability,Easy,Technical,Backend Developer|Software Engineer|Cloud Engineer|DevOps Engineer|Full Stack Developer,vertical scaling|horizontal scaling|scale-up|scale-out|load balancer|stateless|read replica|sharding|fault tolerance,Vertical scaling limits and single point of failure|Horizontal scaling stateless requirement|Load balancer necessity for horizontal|Database scaling progression,90
121,Tell me about a time you had to deliver a critical project under a tight deadline. How did you prioritize tasks?,"Under strict deadlines, I use impact vs effort prioritization (Eisenhower Matrix), communicate trade-offs early to stakeholders, eliminate non-essential scope, and establish daily syncs to remove blockers.",Time Management,Behavioral,Prioritization,Medium,Behavioral,Software Engineer|Frontend Developer|Backend Developer|Full Stack Developer|Data Scientist|ML Engineer|DevOps Engineer|Product Manager,deadline|prioritization|trade-offs|stakeholders|blockers|time management,Structured prioritization framework|Clear stakeholder communication|Proactive blocker resolution|Measurable successful outcome,90
122,Give an example of a mistake or failure you experienced in a past project and what you learned from it.,"I once pushed an unvetted configuration change that caused a minor outage. I conducted a blameless post-mortem, added automated integration checks, and created pre-deployment runbooks to prevent recurrence.",Self Awareness,Behavioral,Failure & Growth,Medium,Behavioral,Software Engineer|Frontend Developer|Backend Developer|Full Stack Developer|Data Scientist|ML Engineer|DevOps Engineer|Product Manager,mistake|failure|learning|post-mortem|ownership|growth,High ownership without blaming others|Root cause analysis|Concrete preventative safeguards implemented|Personal growth demonstrated,90
123,How do you handle ambiguous requirements when starting a new initiative with minimal documentation?,"I begin by interviewing key stakeholders to understand business goals, define explicit assumptions, create a lightweight technical design document (RFC), and iterate rapidly with feedback loops.",Leadership,Behavioral,Ambiguity,Hard,Behavioral,Software Engineer|Frontend Developer|Backend Developer|Full Stack Developer|Data Scientist|ML Engineer|DevOps Engineer|Product Manager,ambiguity|requirements|RFC|design doc|stakeholders|assumptions,Proactive stakeholder alignment|Clear assumption documentation|RFC/design doc workflow|Iterative prototype delivery,120
124,Describe a situation where you had to give constructive feedback to a peer or manage expectations upward.,"I focus on objective facts and observable impact rather than personal traits. In one instance, I provided clear code review benchmarks and paired with the engineer, resulting in a 40% reduction in review iterations.",Communication,Behavioral,Feedback,Medium,Behavioral,Software Engineer|Frontend Developer|Backend Developer|Full Stack Developer|Data Scientist|ML Engineer|DevOps Engineer|Product Manager,feedback|communication|peer review|empathy|mentorship,Objective and actionable feedback|Empathetic communication|Constructive mentorship approach|Positive measurable result,90
125,How would you design a distributed caching layer to prevent Cache Stampede (Thundering Herd) and Cache Penetration?,"To prevent Cache Stampede: use distributed mutex locks (e.g. Redlock), probabilistic early expiration (XFetch), or background cache warmers. For Cache Penetration: use Bloom Filters at the ingress layer or cache null values with short TTLs.",Caching,System Design,Distributed Caching,Hard,System Design,Software Engineer|Backend Developer|Full Stack Developer|Cloud Engineer|DevOps Engineer,caching|Redis|stampede|penetration|bloom filter|mutex|TTL|thundering herd,Cache stampede prevention techniques|Bloom filters for penetration prevention|TTL and expiration strategies|Distributed lock trade-offs,180
126,Design a globally scalable Chat & Messaging Application like WhatsApp or Slack. How do you handle message delivery guarantees?,"Use WebSockets for bidirectional real-time connection maintained via a Connection Gateway cluster. Store messages in a partitioned NoSQL DB (e.g. Cassandra or DynamoDB) keyed by conversation_id. Message queues (Kafka) handle async fanout. Delivery state transitions: Sent (server ack), Delivered (recipient device ack), Read (read receipt ack).",System Design,System Design,Real-Time Messaging,Hard,System Design,Software Engineer|Backend Developer|Full Stack Developer|Cloud Engineer,chat|WebSockets|Kafka|Cassandra|presence|delivery guarantee|fanout|gateway,WebSocket connection management|Scalable partitioning key strategy|Message delivery status lifecycle (Sent/Delivered/Read)|Offline message handling queue,180
127,"Explain database sharding strategies (Range-based, Hash-based, Directory-based). What challenges arise with cross-shard queries?","Range-based shards by key ranges (can cause hotspots). Hash-based (Consistent Hashing) evenly distributes writes across shards. Directory-based uses a lookup service. Cross-shard queries (joins, aggregations) require scatter-gather operations which increase latency; solve by denormalizing or colocation.",Databases,System Design,Database Sharding,Hard,System Design,Software Engineer|Backend Developer|Database Administrator|Full Stack Developer,sharding|consistent hashing|range-based|hotspots|cross-shard|scatter-gather,Comparison of sharding algorithms|Consistent hashing benefits|Cross-shard join complexity and scatter-gather|Hotspot mitigation techniques,180
128,What is the Bias-Variance Tradeoff in machine learning? How do regularization techniques (L1 vs L2) address it?,"High bias causes underfitting (model too simple), while high variance causes overfitting (model captures noise). Regularization constrains model complexity. L1 (Lasso) adds absolute coefficient penalties, driving weights to zero for feature selection. L2 (Ridge) adds squared penalties, shrinking weights smoothly without zeroing them out.",Machine Learning,ML Fundamentals,Regularization,Medium,Data Science,Data Scientist|ML Engineer|AI Engineer|Software Engineer,bias|variance|tradeoff|regularization|L1|L2|Lasso|Ridge|overfitting|underfitting,Definition of bias vs variance|Underfitting vs overfitting dynamics|L1 vs L2 mathematical difference|L1 as feature selection tool,120
129,How do you handle severely imbalanced datasets in classification tasks? When would you use PR-AUC over ROC-AUC?,"Techniques: SMOTE (synthetic oversampling), random undersampling, class-weighted loss functions (Focal Loss), threshold tuning. Use PR-AUC (Precision-Recall) over ROC-AUC when the positive class is rare (e.g. fraud detection <1%), because ROC-AUC is overly optimistic due to large true negative counts.",Machine Learning,ML Evaluation,Imbalanced Classification,Hard,Data Science,Data Scientist|ML Engineer|AI Engineer,imbalanced|SMOTE|undersampling|class weights|ROC-AUC|PR-AUC|Precision|Recall|F1,"Sampling techniques (SMOTE, class weighting)|Why ROC-AUC is misleading for rare events|Precision-Recall curve advantages|Threshold optimization for business cost",120
130,Explain the Self-Attention mechanism in Transformer architectures. How does it compare to recurrent networks (RNN/LSTM)?,"Self-attention computes dynamic attention weights between all tokens in a sequence simultaneously using Query, Key, and Value matrices (Softmax(QK^T / sqrt(d_k)) * V). Unlike RNNs which process sequentially (O(N) time steps, vanishing gradients), Transformers allow full parallelization across the sequence length and direct O(1) path between any two tokens.",Deep Learning,Deep Learning,Transformers,Hard,Data Science,Data Scientist|ML Engineer|AI Engineer,attention|transformer|QKV|query|key|value|RNN|LSTM|parallelization,"Query, Key, Value matrix formulation|Attention score computation formula|Parallelization vs sequential processing of RNNs|Handling of long-range dependencies",150
131,"What are SQL Window Functions (e.g. ROW_NUMBER, RANK, DENSE_RANK, LEAD/LAG), and how do they differ from GROUP BY?","GROUP BY collapses multiple rows into a single aggregate row. Window functions perform calculations across a set of table rows related to the current row without collapsing them (each row retains its identity). OVER(PARTITION BY ... ORDER BY ...) defines the window. ROW_NUMBER gives sequential 1..N, RANK skips on ties (1,2,2,4), DENSE_RANK does not skip (1,2,2,3).",SQL,Data Analysis,Window Functions,Medium,Data Science,Data Scientist|Data Engineer|Database Administrator|Backend Developer,SQL|window functions|ROW_NUMBER|RANK|DENSE_RANK|LEAD|LAG|PARTITION BY,"Window functions preserve individual rows vs GROUP BY collapsing|Partition by and order by syntax|Differences between ROW_NUMBER, RANK, DENSE_RANK|LEAD/LAG practical time-series use case",90
